theme,sub_theme,topic,geography_type,geography,metric,sex,age,stratum,year,date,metric_value,in_reporting_delay_period
infectious_disease,respiratory,COVID-19,Nation,England,COVID-19_cases_rateRollingMean,f,all,default,2024,2024-11-13,1.6700,False
infectious_disease,respiratory,COVID-19,Nation,England,COVID-19_cases_rateRollingMean,m,all,default,2024,2024-11-13,1.8100,False
infectious_disease,respiratory,COVID-19,Nation,England,COVID-19_cases_rateRollingMean,f,all,default,2024,2024-11-12,1.9000,False
infectious_disease,respiratory,COVID-19,Nation,England,COVID-19_cases_rateRollingMean,m,all,default,2024,2024-11-12,2.1300,False
infectious_disease,respiratory,COVID-19,Nation,England,COVID-19_cases_rateRollingMean,f,all,default,2024,2024-11-11,2.0500,False
infectious_disease,respiratory,COVID-19,Nation,England,COVID-19_cases_rateRollingMean,m,all,default,2024,2024-11-11,2.3800,False
infectious_disease,respiratory,COVID-19,Nation,England,COVID-19_cases_rateRollingMean,f,all,default,2024,2024-11-10,2.2200,False
infectious_disease,respiratory,COVID-19,Nation,England,COVID-19_cases_rateRollingMean,m,all,default,2024,2024-11-10,2.6100,False
infectious_disease,respiratory,COVID-19,Nation,England,COVID-19_cases_rateRollingMean,f,all,default,2024,2024-11-09,2.2300,False
infectious_disease,respiratory,COVID-19,Nation,England,COVID-19_cases_rateRollingMean,m,all,default,2024,2024-11-09,2.6900,False
infectious_disease,respiratory,COVID-19,Nation,England,COVID-19_cases_rateRollingMean,f,all,default,2024,2024-11-08,2.2500,False
infectious_disease,respiratory,COVID-19,Nation,England,COVID-19_cases_rateRollingMean,m,all,default,2024,2024-11-08,2.7600,False
infectious_disease,respiratory,COVID-19,Nation,England,COVID-19_cases_rateRollingMean,f,all,default,2024,2024-11-07,2.3300,False
infectious_disease,respiratory,COVID-19,Nation,England,COVID-19_cases_rateRollingMean,m,all,default,2024,2024-11-07,2.7500,False
infectious_disease,respiratory,COVID-19,Nation,England,COVID-19_cases_rateRollingMean,f,all,default,2024,2024-11-06,2.4400,False
infectious_disease,respiratory,COVID-19,Nation,England,COVID-19_cases_rateRollingMean,m,all,default,2024,2024-11-06,2.8600,False
infectious_disease,respiratory,COVID-19,Nation,England,COVID-19_cases_rateRollingMean,f,all,default,2024,2024-11-05,2.6000,False
infectious_disease,respiratory,COVID-19,Nation,England,COVID-19_cases_rateRollingMean,m,all,default,2024,2024-11-05,3.0700,False
infectious_disease,respiratory,COVID-19,Nation,England,COVID-19_cases_rateRollingMean,f,all,default,2024,2024-11-04,2.8500,False
infectious_disease,respiratory,COVID-19,Nation,England,COVID-19_cases_rateRollingMean,m,all,default,2024,2024-11-04,3.0400,False
infectious_disease,respiratory,COVID-19,Nation,England,COVID-19_cases_rateRollingMean,f,all,default,2024,2024-11-03,2.9200,False
infectious_disease,respiratory,COVID-19,Nation,England,COVID-19_cases_rateRollingMean,m,all,default,2024,2024-11-03,3.1900,False
infectious_disease,respiratory,COVID-19,Nation,England,COVID-19_cases_rateRollingMean,f,all,default,2024,2024-11-02,3.0800,False
infectious_disease,respiratory,COVID-19,Nation,England,COVID-19_cases_rateRollingMean,m,all,default,2024,2024-11-02,3.2900,False
infectious_disease,respiratory,COVID-19,Nation,England,COVID-19_cases_rateRollingMean,f,all,default,2024,2024-11-01,3.1600,False
infectious_disease,respiratory,COVID-19,Nation,England,COVID-19_cases_rateRollingMean,m,all,default,2024,2024-11-01,3.4400,False
infectious_disease,respiratory,COVID-19,Nation,England,COVID-19_cases_rateRollingMean,f,all,default,2024,2024-10-31,3.3100,False
infectious_disease,respiratory,COVID-19,Nation,England,COVID-19_cases_rateRollingMean,m,all,default,2024,2024-10-31,3.7200,False
infectious_disease,respiratory,COVID-19,Nation,England,COVID-19_cases_rateRollingMean,f,all,default,2024,2024-10-30,3.5800,False
infectious_disease,respiratory,COVID-19,Nation,England,COVID-19_cases_rateRollingMean,m,all,default,2024,2024-10-30,3.8900,False
infectious_disease,respiratory,COVID-19,Nation,England,COVID-19_cases_rateRollingMean,f,all,default,2024,2024-10-29,3.6500,False
infectious_disease,respiratory,COVID-19,Nation,England,COVID-19_cases_rateRollingMean,m,all,default,2024,2024-10-29,4.0700,False
infectious_disease,respiratory,COVID-19,Nation,England,COVID-19_cases_rateRollingMean,f,all,default,2024,2024-10-28,3.7600,False
infectious_disease,respiratory,COVID-19,Nation,England,COVID-19_cases_rateRollingMean,m,all,default,2024,2024-10-28,4.3800,False
infectious_disease,respiratory,COVID-19,Nation,England,COVID-19_cases_rateRollingMean,f,all,default,2024,2024-10-27,4.0200,False
infectious_disease,respiratory,COVID-19,Nation,England,COVID-19_cases_rateRollingMean,m,all,default,2024,2024-10-27,4.6500,False
infectious_disease,respiratory,COVID-19,Nation,England,COVID-19_cases_rateRollingMean,f,all,default,2024,2024-10-26,4.1500,False
infectious_disease,respiratory,COVID-19,Nation,England,COVID-19_cases_rateRollingMean,m,all,default,2024,2024-10-26,4.7900,False
infectious_disease,respiratory,COVID-19,Nation,England,COVID-19_cases_rateRollingMean,f,all,default,2024,2024-10-25,4.3700,False
infectious_disease,respiratory,COVID-19,Nation,England,COVID-19_cases_rateRollingMean,m,all,default,2024,2024-10-25,4.9400,False
infectious_disease,respiratory,COVID-19,Nation,England,COVID-19_cases_rateRollingMean,f,all,default,2024,2024-10-24,4.5600,False
infectious_disease,respiratory,COVID-19,Nation,England,COVID-19_cases_rateRollingMean,m,all,default,2024,2024-10-24,5.0300,False
infectious_disease,respiratory,COVID-19,Nation,England,COVID-19_cases_rateRollingMean,f,all,default,2024,2024-10-23,4.9100,False
infectious_disease,respiratory,COVID-19,Nation,England,COVID-19_cases_rateRollingMean,m,all,default,2024,2024-10-23,5.2900,False
infectious_disease,respiratory,COVID-19,Nation,England,COVID-19_cases_rateRollingMean,f,all,default,2024,2024-10-22,5.3300,False
infectious_disease,respiratory,COVID-19,Nation,England,COVID-19_cases_rateRollingMean,m,all,default,2024,2024-10-22,5.5200,False
infectious_disease,respiratory,COVID-19,Nation,England,COVID-19_cases_rateRollingMean,f,all,default,2024,2024-10-21,5.4900,False
infectious_disease,respiratory,COVID-19,Nation,England,COVID-19_cases_rateRollingMean,m,all,default,2024,2024-10-21,5.6000,False
infectious_disease,respiratory,COVID-19,Nation,England,COVID-19_cases_rateRollingMean,f,all,default,2024,2024-10-20,5.5700,False
infectious_disease,respiratory,COVID-19,Nation,England,COVID-19_cases_rateRollingMean,m,all,default,2024,2024-10-20,5.5600,False
infectious_disease,respiratory,COVID-19,Nation,England,COVID-19_cases_rateRollingMean,f,all,default,2024,2024-10-19,5.5900,False
infectious_disease,respiratory,COVID-19,Nation,England,COVID-19_cases_rateRollingMean,m,all,default,2024,2024-10-19,5.5800,False
infectious_disease,respiratory,COVID-19,Nation,England,COVID-19_cases_rateRollingMean,f,all,default,2024,2024-10-18,5.6000,False
infectious_disease,respiratory,COVID-19,Nation,England,COVID-19_cases_rateRollingMean,m,all,default,2024,2024-10-18,5.5100,False
infectious_disease,respiratory,COVID-19,Nation,England,COVID-19_cases_rateRollingMean,f,all,default,2024,2024-10-17,5.5300,False
infectious_disease,respiratory,COVID-19,Nation,England,COVID-19_cases_rateRollingMean,m,all,default,2024,2024-10-17,5.5100,False
infectious_disease,respiratory,COVID-19,Nation,England,COVID-19_cases_rateRollingMean,f,all,default,2024,2024-10-16,5.4300,False
infectious_disease,respiratory,COVID-19,Nation,England,COVID-19_cases_rateRollingMean,m,all,default,2024,2024-10-16,5.5400,False
infectious_disease,respiratory,COVID-19,Nation,England,COVID-19_cases_rateRollingMean,f,all,default,2024,2024-10-15,5.3500,False
infectious_disease,respiratory,COVID-19,Nation,England,COVID-19_cases_rateRollingMean,m,all,default,2024,2024-10-15,5.5600,False
infectious_disease,respiratory,COVID-19,Nation,England,COVID-19_cases_rateRollingMean,f,all,default,2024,2024-10-14,5.4600,False
infectious_disease,respiratory,COVID-19,Nation,England,COVID-19_cases_rateRollingMean,m,all,default,2024,2024-10-14,5.8000,False
infectious_disease,respiratory,COVID-19,Nation,England,COVID-19_cases_rateRollingMean,f,all,default,2024,2024-10-13,5.7700,False
infectious_disease,respiratory,COVID-19,Nation,England,COVID-19_cases_rateRollingMean,m,all,default,2024,2024-10-13,5.9900,False
infectious_disease,respiratory,COVID-19,Nation,England,COVID-19_cases_rateRollingMean,f,all,default,2024,2024-10-12,5.8700,False
infectious_disease,respiratory,COVID-19,Nation,England,COVID-19_cases_rateRollingMean,m,all,default,2024,2024-10-12,6.1400,False
infectious_disease,respiratory,COVID-19,Nation,England,COVID-19_cases_rateRollingMean,f,all,default,2024,2024-10-11,5.9900,False
infectious_disease,respiratory,COVID-19,Nation,England,COVID-19_cases_rateRollingMean,m,all,default,2024,2024-10-11,6.2000,False
infectious_disease,respiratory,COVID-19,Nation,England,COVID-19_cases_rateRollingMean,f,all,default,2024,2024-10-10,6.1500,False
infectious_disease,respiratory,COVID-19,Nation,England,COVID-19_cases_rateRollingMean,m,all,default,2024,2024-10-10,6.2900,False
infectious_disease,respiratory,COVID-19,Nation,England,COVID-19_cases_rateRollingMean,f,all,default,2024,2024-10-09,6.0900,False
infectious_disease,respiratory,COVID-19,Nation,England,COVID-19_cases_rateRollingMean,m,all,default,2024,2024-10-09,6.1600,False
infectious_disease,respiratory,COVID-19,Nation,England,COVID-19_cases_rateRollingMean,f,all,default,2024,2024-10-08,6.0200,False
infectious_disease,respiratory,COVID-19,Nation,England,COVID-19_cases_rateRollingMean,m,all,default,2024,2024-10-08,6.2200,False
infectious_disease,respiratory,COVID-19,Nation,England,COVID-19_cases_rateRollingMean,f,all,default,2024,2024-10-07,5.8800,False
infectious_disease,respiratory,COVID-19,Nation,England,COVID-19_cases_rateRollingMean,m,all,default,2024,2024-10-07,6.0800,False
infectious_disease,respiratory,COVID-19,Nation,England,COVID-19_cases_rateRollingMean,f,all,default,2024,2024-10-06,5.5500,False
infectious_disease,respiratory,COVID-19,Nation,England,COVID-19_cases_rateRollingMean,m,all,default,2024,2024-10-06,5.8600,False
infectious_disease,respiratory,COVID-19,Nation,England,COVID-19_cases_rateRollingMean,f,all,default,2024,2024-10-05,5.3900,False
infectious_disease,respiratory,COVID-19,Nation,England,COVID-19_cases_rateRollingMean,m,all,default,2024,2024-10-05,5.5700,False
infectious_disease,respiratory,COVID-19,Nation,England,COVID-19_cases_rateRollingMean,f,all,default,2024,2024-10-04,5.2500,False
infectious_disease,respiratory,COVID-19,Nation,England,COVID-19_cases_rateRollingMean,m,all,default,2024,2024-10-04,5.5200,False
infectious_disease,respiratory,COVID-19,Nation,England,COVID-19_cases_rateRollingMean,f,all,default,2024,2024-10-03,5.0200,False
infectious_disease,respiratory,COVID-19,Nation,England,COVID-19_cases_rateRollingMean,m,all,default,2024,2024-10-03,5.4200,False
infectious_disease,respiratory,COVID-19,Nation,England,COVID-19_cases_rateRollingMean,f,all,default,2024,2024-10-02,4.9500,False
infectious_disease,respiratory,COVID-19,Nation,England,COVID-19_cases_rateRollingMean,m,all,default,2024,2024-10-02,5.3900,False
infectious_disease,respiratory,COVID-19,Nation,England,COVID-19_cases_rateRollingMean,f,all,default,2024,2024-10-01,4.9000,False
infectious_disease,respiratory,COVID-19,Nation,England,COVID-19_cases_rateRollingMean,m,all,default,2024,2024-10-01,5.0400,False
infectious_disease,respiratory,COVID-19,Nation,England,COVID-19_cases_rateRollingMean,f,all,default,2024,2024-09-30,4.9000,False
infectious_disease,respiratory,COVID-19,Nation,England,COVID-19_cases_rateRollingMean,m,all,default,2024,2024-09-30,4.9300,False
infectious_disease,respiratory,COVID-19,Nation,England,COVID-19_cases_rateRollingMean,f,all,default,2024,2024-09-29,4.9500,False
infectious_disease,respiratory,COVID-19,Nation,England,COVID-19_cases_rateRollingMean,m,all,default,2024,2024-09-29,5.0000,False
infectious_disease,respiratory,COVID-19,Nation,England,COVID-19_cases_rateRollingMean,f,all,default,2024,2024-09-28,5.0600,False
infectious_disease,respiratory,COVID-19,Nation,England,COVID-19_cases_rateRollingMean,m,all,default,2024,2024-09-28,5.1900,False
infectious_disease,respiratory,COVID-19,Nation,England,COVID-19_cases_rateRollingMean,f,all,default,2024,2024-09-27,5.0300,False
infectious_disease,respiratory,COVID-19,Nation,England,COVID-19_cases_rateRollingMean,m,all,default,2024,2024-09-27,5.1900,False
infectious_disease,respiratory,COVID-19,Nation,England,COVID-19_cases_rateRollingMean,f,all,default,2024,2024-09-26,5.0800,False
infectious_disease,respiratory,COVID-19,Nation,England,COVID-19_cases_rateRollingMean,m,all,default,2024,2024-09-26,5.0800,False
infectious_disease,respiratory,COVID-19,Nation,England,COVID-19_cases_rateRollingMean,f,all,default,2024,2024-09-25,4.9600,False
infectious_disease,respiratory,COVID-19,Nation,England,COVID-19_cases_rateRollingMean,m,all,default,2024,2024-09-25,4.9800,False
infectious_disease,respiratory,COVID-19,Nation,England,COVID-19_cases_rateRollingMean,f,all,default,2024,2024-09-24,4.9800,False
infectious_disease,respiratory,COVID-19,Nation,England,COVID-19_cases_rateRollingMean,m,all,default,2024,2024-09-24,4.8900,False
infectious_disease,respiratory,COVID-19,Nation,England,COVID-19_cases_rateRollingMean,f,all,default,2024,2024-09-23,4.9200,False
infectious_disease,respiratory,COVID-19,Nation,England,COVID-19_cases_rateRollingMean,m,all,default,2024,2024-09-23,4.7800,False
infectious_disease,respiratory,COVID-19,Nation,England,COVID-19_cases_rateRollingMean,f,all,default,2024,2024-09-22,4.8800,False
infectious_disease,respiratory,COVID-19,Nation,England,COVID-19_cases_rateRollingMean,m,all,default,2024,2024-09-22,4.6500,False
infectious_disease,respiratory,COVID-19,Nation,England,COVID-19_cases_rateRollingMean,f,all,default,2024,2024-09-21,4.7000,False
infectious_disease,respiratory,COVID-19,Nation,England,COVID-19_cases_rateRollingMean,m,all,default,2024,2024-09-21,4.4700,False
infectious_disease,respiratory,COVID-19,Nation,England,COVID-19_cases_rateRollingMean,f,all,default,2024,2024-09-20,4.6000,False
infectious_disease,respiratory,COVID-19,Nation,England,COVID-19_cases_rateRollingMean,m,all,default,2024,2024-09-20,4.3700,False
infectious_disease,respiratory,COVID-19,Nation,England,COVID-19_cases_rateRollingMean,f,all,default,2024,2024-09-19,4.3000,False
infectious_disease,respiratory,COVID-19,Nation,England,COVID-19_cases_rateRollingMean,m,all,default,2024,2024-09-19,4.2200,False
infectious_disease,respiratory,COVID-19,Nation,England,COVID-19_cases_rateRollingMean,f,all,default,2024,2024-09-18,4.0400,False
infectious_disease,respiratory,COVID-19,Nation,England,COVID-19_cases_rateRollingMean,m,all,default,2024,2024-09-18,3.9400,False
infectious_disease,respiratory,COVID-19,Nation,England,COVID-19_cases_rateRollingMean,f,all,default,2024,2024-09-17,3.7200,False
infectious_disease,respiratory,COVID-19,Nation,England,COVID-19_cases_rateRollingMean,m,all,default,2024,2024-09-17,3.7200,False
infectious_disease,respiratory,COVID-19,Nation,England,COVID-19_cases_rateRollingMean,f,all,default,2024,2024-09-16,3.4400,False
infectious_disease,respiratory,COVID-19,Nation,England,COVID-19_cases_rateRollingMean,m,all,default,2024,2024-09-16,3.5100,False
infectious_disease,respiratory,COVID-19,Nation,England,COVID-19_cases_rateRollingMean,f,all,default,2024,2024-09-15,3.1300,False
infectious_disease,respiratory,COVID-19,Nation,England,COVID-19_cases_rateRollingMean,m,all,default,2024,2024-09-15,3.2300,False
infectious_disease,respiratory,COVID-19,Nation,England,COVID-19_cases_rateRollingMean,f,all,default,2024,2024-09-14,2.9800,False
infectious_disease,respiratory,COVID-19,Nation,England,COVID-19_cases_rateRollingMean,m,all,default,2024,2024-09-14,3.1100,False
infectious_disease,respiratory,COVID-19,Nation,England,COVID-19_cases_rateRollingMean,f,all,default,2024,2024-09-13,2.8600,False
infectious_disease,respiratory,COVID-19,Nation,England,COVID-19_cases_rateRollingMean,m,all,default,2024,2024-09-13,3.0400,False
infectious_disease,respiratory,COVID-19,Nation,England,COVID-19_cases_rateRollingMean,f,all,default,2024,2024-09-12,2.9300,False
infectious_disease,respiratory,COVID-19,Nation,England,COVID-19_cases_rateRollingMean,m,all,default,2024,2024-09-12,2.9700,False
infectious_disease,respiratory,COVID-19,Nation,England,COVID-19_cases_rateRollingMean,f,all,default,2024,2024-09-11,2.9700,False
infectious_disease,respiratory,COVID-19,Nation,England,COVID-19_cases_rateRollingMean,m,all,default,2024,2024-09-11,2.9600,False
infectious_disease,respiratory,COVID-19,Nation,England,COVID-19_cases_rateRollingMean,f,all,default,2024,2024-09-10,2.9000,False
infectious_disease,respiratory,COVID-19,Nation,England,COVID-19_cases_rateRollingMean,m,all,default,2024,2024-09-10,2.9700,False
infectious_disease,respiratory,COVID-19,Nation,England,COVID-19_cases_rateRollingMean,f,all,default,2024,2024-09-09,2.8800,False
infectious_disease,respiratory,COVID-19,Nation,England,COVID-19_cases_rateRollingMean,m,all,default,2024,2024-09-09,2.9300,False
infectious_disease,respiratory,COVID-19,Nation,England,COVID-19_cases_rateRollingMean,f,all,default,2024,2024-09-08,2.8200,False
infectious_disease,respiratory,COVID-19,Nation,England,COVID-19_cases_rateRollingMean,m,all,default,2024,2024-09-08,2.9800,False
infectious_disease,respiratory,COVID-19,Nation,England,COVID-19_cases_rateRollingMean,f,all,default,2024,2024-09-07,2.8100,False
infectious_disease,respiratory,COVID-19,Nation,England,COVID-19_cases_rateRollingMean,m,all,default,2024,2024-09-07,2.9400,False
infectious_disease,respiratory,COVID-19,Nation,England,COVID-19_cases_rateRollingMean,f,all,default,2024,2024-09-06,2.8000,False
infectious_disease,respiratory,COVID-19,Nation,England,COVID-19_cases_rateRollingMean,m,all,default,2024,2024-09-06,2.9400,False
infectious_disease,respiratory,COVID-19,Nation,England,COVID-19_cases_rateRollingMean,f,all,default,2024,2024-09-05,2.7600,False
infectious_disease,respiratory,COVID-19,Nation,England,COVID-19_cases_rateRollingMean,m,all,default,2024,2024-09-05,2.9300,False
infectious_disease,respiratory,COVID-19,Nation,England,COVID-19_cases_rateRollingMean,f,all,default,2024,2024-09-04,2.6800,False
infectious_disease,respiratory,COVID-19,Nation,England,COVID-19_cases_rateRollingMean,m,all,default,2024,2024-09-04,2.9600,False
infectious_disease,respiratory,COVID-19,Nation,England,COVID-19_cases_rateRollingMean,f,all,default,2024,2024-09-03,2.7600,False
infectious_disease,respiratory,COVID-19,Nation,England,COVID-19_cases_rateRollingMean,m,all,default,2024,2024-09-03,3.0000,False
infectious_disease,respiratory,COVID-19,Nation,England,COVID-19_cases_rateRollingMean,f,all,default,2024,2024-09-02,2.7200,False
infectious_disease,respiratory,COVID-19,Nation,England,COVID-19_cases_rateRollingMean,m,all,default,2024,2024-09-02,2.9600,False
infectious_disease,respiratory,COVID-19,Nation,England,COVID-19_cases_rateRollingMean,f,all,default,2024,2024-09-01,2.6500,False
infectious_disease,respiratory,COVID-19,Nation,England,COVID-19_cases_rateRollingMean,m,all,default,2024,2024-09-01,2.9100,False
infectious_disease,respiratory,COVID-19,Nation,England,COVID-19_cases_rateRollingMean,f,all,default,2024,2024-08-31,2.6300,False
infectious_disease,respiratory,COVID-19,Nation,England,COVID-19_cases_rateRollingMean,m,all,default,2024,2024-08-31,2.8800,False
infectious_disease,respiratory,COVID-19,Nation,England,COVID-19_cases_rateRollingMean,f,all,default,2024,2024-08-30,2.6800,False
infectious_disease,respiratory,COVID-19,Nation,England,COVID-19_cases_rateRollingMean,m,all,default,2024,2024-08-30,2.8400,False
infectious_disease,respiratory,COVID-19,Nation,England,COVID-19_cases_rateRollingMean,f,all,default,2024,2024-08-29,2.6800,False
infectious_disease,respiratory,COVID-19,Nation,England,COVID-19_cases_rateRollingMean,m,all,default,2024,2024-08-29,2.7700,False
infectious_disease,respiratory,COVID-19,Nation,England,COVID-19_cases_rateRollingMean,f,all,default,2024,2024-08-28,2.6500,False
infectious_disease,respiratory,COVID-19,Nation,England,COVID-19_cases_rateRollingMean,m,all,default,2024,2024-08-28,2.7600,False
infectious_disease,respiratory,COVID-19,Nation,England,COVID-19_cases_rateRollingMean,f,all,default,2024,2024-08-27,2.5800,False
infectious_disease,respiratory,COVID-19,Nation,England,COVID-19_cases_rateRollingMean,m,all,default,2024,2024-08-27,2.6400,False
infectious_disease,respiratory,COVID-19,Nation,England,COVID-19_cases_rateRollingMean,f,all,default,2024,2024-08-26,2.5000,False
infectious_disease,respiratory,COVID-19,Nation,England,COVID-19_cases_rateRollingMean,m,all,default,2024,2024-08-26,2.5500,False
infectious_disease,respiratory,COVID-19,Nation,England,COVID-19_cases_rateRollingMean,f,all,default,2024,2024-08-25,2.5900,False
infectious_disease,respiratory,COVID-19,Nation,England,COVID-19_cases_rateRollingMean,m,all,default,2024,2024-08-25,2.5000,False
infectious_disease,respiratory,COVID-19,Nation,England,COVID-19_cases_rateRollingMean,f,all,default,2024,2024-08-24,2.6100,False
infectious_disease,respiratory,COVID-19,Nation,England,COVID-19_cases_rateRollingMean,m,all,default,2024,2024-08-24,2.4700,False
infectious_disease,respiratory,COVID-19,Nation,England,COVID-19_cases_rateRollingMean,f,all,default,2024,2024-08-23,2.5500,False
infectious_disease,respiratory,COVID-19,Nation,England,COVID-19_cases_rateRollingMean,m,all,default,2024,2024-08-23,2.3900,False
infectious_disease,respiratory,COVID-19,Nation,England,COVID-19_cases_rateRollingMean,f,all,default,2024,2024-08-22,2.5100,False
infectious_disease,respiratory,COVID-19,Nation,England,COVID-19_cases_rateRollingMean,m,all,default,2024,2024-08-22,2.4900,False
infectious_disease,respiratory,COVID-19,Nation,England,COVID-19_cases_rateRollingMean,f,all,default,2024,2024-08-21,2.5700,False
infectious_disease,respiratory,COVID-19,Nation,England,COVID-19_cases_rateRollingMean,m,all,default,2024,2024-08-21,2.4900,False
infectious_disease,respiratory,COVID-19,Nation,England,COVID-19_cases_rateRollingMean,f,all,default,2024,2024-08-20,2.5800,False
infectious_disease,respiratory,COVID-19,Nation,England,COVID-19_cases_rateRollingMean,m,all,default,2024,2024-08-20,2.6800,False
infectious_disease,respiratory,COVID-19,Nation,England,COVID-19_cases_rateRollingMean,f,all,default,2024,2024-08-19,2.6600,False
infectious_disease,respiratory,COVID-19,Nation,England,COVID-19_cases_rateRollingMean,m,all,default,2024,2024-08-19,2.8600,False
infectious_disease,respiratory,COVID-19,Nation,England,COVID-19_cases_rateRollingMean,f,all,default,2024,2024-08-18,2.7100,False
infectious_disease,respiratory,COVID-19,Nation,England,COVID-19_cases_rateRollingMean,m,all,default,2024,2024-08-18,2.9300,False
infectious_disease,respiratory,COVID-19,Nation,England,COVID-19_cases_rateRollingMean,f,all,default,2024,2024-08-17,2.8000,False
infectious_disease,respiratory,COVID-19,Nation,England,COVID-19_cases_rateRollingMean,m,all,default,2024,2024-08-17,3.0100,False
infectious_disease,respiratory,COVID-19,Nation,England,COVID-19_cases_rateRollingMean,f,all,default,2024,2024-08-16,2.8300,False
infectious_disease,respiratory,COVID-19,Nation,England,COVID-19_cases_rateRollingMean,m,all,default,2024,2024-08-16,3.1200,False
infectious_disease,respiratory,COVID-19,Nation,England,COVID-19_cases_rateRollingMean,f,all,default,2024,2024-08-15,2.9400,False
infectious_disease,respiratory,COVID-19,Nation,England,COVID-19_cases_rateRollingMean,m,all,default,2024,2024-08-15,3.1600,False
infectious_disease,respiratory,COVID-19,Nation,England,COVID-19_cases_rateRollingMean,f,all,default,2024,2024-08-14,2.9800,False
infectious_disease,respiratory,COVID-19,Nation,England,COVID-19_cases_rateRollingMean,m,all,default,2024,2024-08-14,3.1600,False
infectious_disease,respiratory,COVID-19,Nation,England,COVID-19_cases_rateRollingMean,f,all,default,2024,2024-08-13,3.0600,False
infectious_disease,respiratory,COVID-19,Nation,England,COVID-19_cases_rateRollingMean,m,all,default,2024,2024-08-13,3.1500,False
infectious_disease,respiratory,COVID-19,Nation,England,COVID-19_cases_rateRollingMean,f,all,default,2024,2024-08-12,3.1800,False
infectious_disease,respiratory,COVID-19,Nation,England,COVID-19_cases_rateRollingMean,m,all,default,2024,2024-08-12,3.2100,False
infectious_disease,respiratory,COVID-19,Nation,England,COVID-19_cases_rateRollingMean,f,all,default,2024,2024-08-11,3.3700,False
infectious_disease,respiratory,COVID-19,Nation,England,COVID-19_cases_rateRollingMean,m,all,default,2024,2024-08-11,3.4200,False
infectious_disease,respiratory,COVID-19,Nation,England,COVID-19_cases_rateRollingMean,f,all,default,2024,2024-08-10,3.4400,False
infectious_disease,respiratory,COVID-19,Nation,England,COVID-19_cases_rateRollingMean,m,all,default,2024,2024-08-10,3.5400,False
infectious_disease,respiratory,COVID-19,Nation,England,COVID-19_cases_rateRollingMean,f,all,default,2024,2024-08-09,3.6100,False
infectious_disease,respiratory,COVID-19,Nation,England,COVID-19_cases_rateRollingMean,m,all,default,2024,2024-08-09,3.6400,False
infectious_disease,respiratory,COVID-19,Nation,England,COVID-19_cases_rateRollingMean,f,all,default,2024,2024-08-08,3.8000,False
infectious_disease,respiratory,COVID-19,Nation,England,COVID-19_cases_rateRollingMean,m,all,default,2024,2024-08-08,3.8000,False
infectious_disease,respiratory,COVID-19,Nation,England,COVID-19_cases_rateRollingMean,f,all,default,2024,2024-08-07,4.0300,False
infectious_disease,respiratory,COVID-19,Nation,England,COVID-19_cases_rateRollingMean,m,all,default,2024,2024-08-07,4.1400,False
infectious_disease,respiratory,COVID-19,Nation,England,COVID-19_cases_rateRollingMean,f,all,default,2024,2024-08-06,4.3000,False
infectious_disease,respiratory,COVID-19,Nation,England,COVID-19_cases_rateRollingMean,m,all,default,2024,2024-08-06,4.5000,False
infectious_disease,respiratory,COVID-19,Nation,England,COVID-19_cases_rateRollingMean,f,all,default,2024,2024-08-05,4.5200,False
infectious_disease,respiratory,COVID-19,Nation,England,COVID-19_cases_rateRollingMean,m,all,default,2024,2024-08-05,4.7500,False
infectious_disease,respiratory,COVID-19,Nation,England,COVID-19_cases_rateRollingMean,f,all,default,2024,2024-08-04,4.6200,False
infectious_disease,respiratory,COVID-19,Nation,England,COVID-19_cases_rateRollingMean,m,all,default,2024,2024-08-04,4.8000,False
infectious_disease,respiratory,COVID-19,Nation,England,COVID-19_cases_rateRollingMean,f,all,default,2024,2024-08-03,4.7800,False
infectious_disease,respiratory,COVID-19,Nation,England,COVID-19_cases_rateRollingMean,m,all,default,2024,2024-08-03,4.9100,False
infectious_disease,respiratory,COVID-19,Nation,England,COVID-19_cases_rateRollingMean,f,all,default,2024,2024-08-02,4.8500,False
infectious_disease,respiratory,COVID-19,Nation,England,COVID-19_cases_rateRollingMean,m,all,default,2024,2024-08-02,5.0400,False
infectious_disease,respiratory,COVID-19,Nation,England,COVID-19_cases_rateRollingMean,f,all,default,2024,2024-08-01,4.9900,False
infectious_disease,respiratory,COVID-19,Nation,England,COVID-19_cases_rateRollingMean,m,all,default,2024,2024-08-01,5.3000,False
infectious_disease,respiratory,COVID-19,Nation,England,COVID-19_cases_rateRollingMean,f,all,default,2024,2024-07-31,5.1000,False
infectious_disease,respiratory,COVID-19,Nation,England,COVID-19_cases_rateRollingMean,m,all,default,2024,2024-07-31,5.3600,False
infectious_disease,respiratory,COVID-19,Nation,England,COVID-19_cases_rateRollingMean,f,all,default,2024,2024-07-30,5.3100,False
infectious_disease,respiratory,COVID-19,Nation,England,COVID-19_cases_rateRollingMean,m,all,default,2024,2024-07-30,5.3600,False
infectious_disease,respiratory,COVID-19,Nation,England,COVID-19_cases_rateRollingMean,f,all,default,2024,2024-07-29,5.4500,False
infectious_disease,respiratory,COVID-19,Nation,England,COVID-19_cases_rateRollingMean,m,all,default,2024,2024-07-29,5.5500,False
infectious_disease,respiratory,COVID-19,Nation,England,COVID-19_cases_rateRollingMean,f,all,default,2024,2024-07-28,5.6500,False
infectious_disease,respiratory,COVID-19,Nation,England,COVID-19_cases_rateRollingMean,m,all,default,2024,2024-07-28,5.8200,False
infectious_disease,respiratory,COVID-19,Nation,England,COVID-19_cases_rateRollingMean,f,all,default,2024,2024-07-27,5.7700,False
infectious_disease,respiratory,COVID-19,Nation,England,COVID-19_cases_rateRollingMean,m,all,default,2024,2024-07-27,5.9600,False
infectious_disease,respiratory,COVID-19,Nation,England,COVID-19_cases_rateRollingMean,f,all,default,2024,2024-07-26,5.9500,False
infectious_disease,respiratory,COVID-19,Nation,England,COVID-19_cases_rateRollingMean,m,all,default,2024,2024-07-26,6.1000,False
infectious_disease,respiratory,COVID-19,Nation,England,COVID-19_cases_rateRollingMean,f,all,default,2024,2024-07-25,6.0500,False
infectious_disease,respiratory,COVID-19,Nation,England,COVID-19_cases_rateRollingMean,m,all,default,2024,2024-07-25,6.4300,False
infectious_disease,respiratory,COVID-19,Nation,England,COVID-19_cases_rateRollingMean,f,all,default,2024,2024-07-24,6.3500,False
infectious_disease,respiratory,COVID-19,Nation,England,COVID-19_cases_rateRollingMean,m,all,default,2024,2024-07-24,6.5500,False
infectious_disease,respiratory,COVID-19,Nation,England,COVID-19_cases_rateRollingMean,f,all,default,2024,2024-07-23,6.4500,False
infectious_disease,respiratory,COVID-19,Nation,England,COVID-19_cases_rateRollingMean,m,all,default,2024,2024-07-23,6.5900,False
infectious_disease,respiratory,COVID-19,Nation,England,COVID-19_cases_rateRollingMean,f,all,default,2024,2024-07-22,6.6200,False
infectious_disease,respiratory,COVID-19,Nation,England,COVID-19_cases_rateRollingMean,m,all,default,2024,2024-07-22,6.6100,False
infectious_disease,respiratory,COVID-19,Nation,England,COVID-19_cases_rateRollingMean,f,all,default,2024,2024-07-21,6.6600,False
infectious_disease,respiratory,COVID-19,Nation,England,COVID-19_cases_rateRollingMean,m,all,default,2024,2024-07-21,6.6900,False
infectious_disease,respiratory,COVID-19,Nation,England,COVID-19_cases_rateRollingMean,f,all,default,2024,2024-07-20,6.6600,False
infectious_disease,respiratory,COVID-19,Nation,England,COVID-19_cases_rateRollingMean,m,all,default,2024,2024-07-20,6.6800,False
infectious_disease,respiratory,COVID-19,Nation,England,COVID-19_cases_rateRollingMean,f,all,default,2024,2024-07-19,6.7100,False
infectious_disease,respiratory,COVID-19,Nation,England,COVID-19_cases_rateRollingMean,m,all,default,2024,2024-07-19,6.7500,False
infectious_disease,respiratory,COVID-19,Nation,England,COVID-19_cases_rateRollingMean,f,all,default,2024,2024-07-18,6.7100,False
infectious_disease,respiratory,COVID-19,Nation,England,COVID-19_cases_rateRollingMean,m,all,default,2024,2024-07-18,6.3800,False
infectious_disease,respiratory,COVID-19,Nation,England,COVID-19_cases_rateRollingMean,f,all,default,2024,2024-07-17,6.5400,False
infectious_disease,respiratory,COVID-19,Nation,England,COVID-19_cases_rateRollingMean,m,all,default,2024,2024-07-17,6.2600,False
infectious_disease,respiratory,COVID-19,Nation,England,COVID-19_cases_rateRollingMean,f,all,default,2024,2024-07-16,6.5700,False
infectious_disease,respiratory,COVID-19,Nation,England,COVID-19_cases_rateRollingMean,m,all,default,2024,2024-07-16,6.3400,False
infectious_disease,respiratory,COVID-19,Nation,England,COVID-19_cases_rateRollingMean,f,all,default,2024,2024-07-15,6.4800,False
infectious_disease,respiratory,COVID-19,Nation,England,COVID-19_cases_rateRollingMean,m,all,default,2024,2024-07-15,6.3700,False
infectious_disease,respiratory,COVID-19,Nation,England,COVID-19_cases_rateRollingMean,f,all,default,2024,2024-07-14,6.4700,False
infectious_disease,respiratory,COVID-19,Nation,England,COVID-19_cases_rateRollingMean,m,all,default,2024,2024-07-14,6.3900,False
infectious_disease,respiratory,COVID-19,Nation,England,COVID-19_cases_rateRollingMean,f,all,default,2024,2024-07-13,6.3700,False
infectious_disease,respiratory,COVID-19,Nation,England,COVID-19_cases_rateRollingMean,m,all,default,2024,2024-07-13,6.3400,False
infectious_disease,respiratory,COVID-19,Nation,England,COVID-19_cases_rateRollingMean,f,all,default,2024,2024-07-12,6.2000,False
infectious_disease,respiratory,COVID-19,Nation,England,COVID-19_cases_rateRollingMean,m,all,default,2024,2024-07-12,6.1500,False
infectious_disease,respiratory,COVID-19,Nation,England,COVID-19_cases_rateRollingMean,f,all,default,2024,2024-07-11,6.0700,False
infectious_disease,respiratory,COVID-19,Nation,England,COVID-19_cases_rateRollingMean,m,all,default,2024,2024-07-11,6.2100,False
infectious_disease,respiratory,COVID-19,Nation,England,COVID-19_cases_rateRollingMean,f,all,default,2024,2024-07-10,6.0100,False
infectious_disease,respiratory,COVID-19,Nation,England,COVID-19_cases_rateRollingMean,m,all,default,2024,2024-07-10,6.1000,False
infectious_disease,respiratory,COVID-19,Nation,England,COVID-19_cases_rateRollingMean,f,all,default,2024,2024-07-09,5.6600,False
infectious_disease,respiratory,COVID-19,Nation,England,COVID-19_cases_rateRollingMean,m,all,default,2024,2024-07-09,5.9200,False
infectious_disease,respiratory,COVID-19,Nation,England,COVID-19_cases_rateRollingMean,f,all,default,2024,2024-07-08,5.4700,False
infectious_disease,respiratory,COVID-19,Nation,England,COVID-19_cases_rateRollingMean,m,all,default,2024,2024-07-08,5.5800,False
infectious_disease,respiratory,COVID-19,Nation,England,COVID-19_cases_rateRollingMean,f,all,default,2024,2024-07-07,5.2800,False
infectious_disease,respiratory,COVID-19,Nation,England,COVID-19_cases_rateRollingMean,m,all,default,2024,2024-07-07,5.2600,False
infectious_disease,respiratory,COVID-19,Nation,England,COVID-19_cases_rateRollingMean,f,all,default,2024,2024-07-06,5.1200,False
infectious_disease,respiratory,COVID-19,Nation,England,COVID-19_cases_rateRollingMean,m,all,default,2024,2024-07-06,5.2400,False
infectious_disease,respiratory,COVID-19,Nation,England,COVID-19_cases_rateRollingMean,f,all,default,2024,2024-07-05,5.0100,False
infectious_disease,respiratory,COVID-19,Nation,England,COVID-19_cases_rateRollingMean,m,all,default,2024,2024-07-05,5.1800,False
infectious_disease,respiratory,COVID-19,Nation,England,COVID-19_cases_rateRollingMean,f,all,default,2024,2024-07-04,4.8700,False
infectious_disease,respiratory,COVID-19,Nation,England,COVID-19_cases_rateRollingMean,m,all,default,2024,2024-07-04,4.9200,False
infectious_disease,respiratory,COVID-19,Nation,England,COVID-19_cases_rateRollingMean,f,all,default,2024,2024-07-03,4.8400,False
infectious_disease,respiratory,COVID-19,Nation,England,COVID-19_cases_rateRollingMean,m,all,default,2024,2024-07-03,5.1100,False
infectious_disease,respiratory,COVID-19,Nation,England,COVID-19_cases_rateRollingMean,f,all,default,2024,2024-07-02,4.9900,False
infectious_disease,respiratory,COVID-19,Nation,England,COVID-19_cases_rateRollingMean,m,all,default,2024,2024-07-02,5.2700,False
infectious_disease,respiratory,COVID-19,Nation,England,COVID-19_cases_rateRollingMean,f,all,default,2024,2024-07-01,5.1700,False
infectious_disease,respiratory,COVID-19,Nation,England,COVID-19_cases_rateRollingMean,m,all,default,2024,2024-07-01,5.4300,False
infectious_disease,respiratory,COVID-19,Nation,England,COVID-19_cases_rateRollingMean,f,all,default,2024,2024-06-30,5.2100,False
infectious_disease,respiratory,COVID-19,Nation,England,COVID-19_cases_rateRollingMean,m,all,default,2024,2024-06-30,5.5000,False
infectious_disease,respiratory,COVID-19,Nation,England,COVID-19_cases_rateRollingMean,f,all,default,2024,2024-06-29,5.4300,False
infectious_disease,respiratory,COVID-19,Nation,England,COVID-19_cases_rateRollingMean,m,all,default,2024,2024-06-29,5.4500,False
infectious_disease,respiratory,COVID-19,Nation,England,COVID-19_cases_rateRollingMean,f,all,default,2024,2024-06-28,5.5800,False
infectious_disease,respiratory,COVID-19,Nation,England,COVID-19_cases_rateRollingMean,m,all,default,2024,2024-06-28,5.6700,False
infectious_disease,respiratory,COVID-19,Nation,England,COVID-19_cases_rateRollingMean,f,all,default,2024,2024-06-27,5.7500,False
infectious_disease,respiratory,COVID-19,Nation,England,COVID-19_cases_rateRollingMean,m,all,default,2024,2024-06-27,5.9000,False
infectious_disease,respiratory,COVID-19,Nation,England,COVID-19_cases_rateRollingMean,f,all,default,2024,2024-06-26,5.6900,False
infectious_disease,respiratory,COVID-19,Nation,England,COVID-19_cases_rateRollingMean,m,all,default,2024,2024-06-26,5.7700,False
infectious_disease,respiratory,COVID-19,Nation,England,COVID-19_cases_rateRollingMean,f,all,default,2024,2024-06-25,5.6600,False
infectious_disease,respiratory,COVID-19,Nation,England,COVID-19_cases_rateRollingMean,m,all,default,2024,2024-06-25,5.7200,False
infectious_disease,respiratory,COVID-19,Nation,England,COVID-19_cases_rateRollingMean,f,all,default,2024,2024-06-24,5.5600,False
infectious_disease,respiratory,COVID-19,Nation,England,COVID-19_cases_rateRollingMean,m,all,default,2024,2024-06-24,5.7000,False
infectious_disease,respiratory,COVID-19,Nation,England,COVID-19_cases_rateRollingMean,f,all,default,2024,2024-06-23,5.4700,False
infectious_disease,respiratory,COVID-19,Nation,England,COVID-19_cases_rateRollingMean,m,all,default,2024,2024-06-23,5.6400,False
infectious_disease,respiratory,COVID-19,Nation,England,COVID-19_cases_rateRollingMean,f,all,default,2024,2024-06-22,5.3600,False
infectious_disease,respiratory,COVID-19,Nation,England,COVID-19_cases_rateRollingMean,m,all,default,2024,2024-06-22,5.6600,False
infectious_disease,respiratory,COVID-19,Nation,England,COVID-19_cases_rateRollingMean,f,all,default,2024,2024-06-21,5.2800,False
infectious_disease,respiratory,COVID-19,Nation,England,COVID-19_cases_rateRollingMean,m,all,default,2024,2024-06-21,5.4100,False
infectious_disease,respiratory,COVID-19,Nation,England,COVID-19_cases_rateRollingMean,f,all,default,2024,2024-06-20,5.1300,False
infectious_disease,respiratory,COVID-19,Nation,England,COVID-19_cases_rateRollingMean,m,all,default,2024,2024-06-20,5.2000,False
infectious_disease,respiratory,COVID-19,Nation,England,COVID-19_cases_rateRollingMean,f,all,default,2024,2024-06-19,4.9600,False
infectious_disease,respiratory,COVID-19,Nation,England,COVID-19_cases_rateRollingMean,m,all,default,2024,2024-06-19,5.1000,False
infectious_disease,respiratory,COVID-19,Nation,England,COVID-19_cases_rateRollingMean,f,all,default,2024,2024-06-18,4.6500,False
infectious_disease,respiratory,COVID-19,Nation,England,COVID-19_cases_rateRollingMean,m,all,default,2024,2024-06-18,4.8000,False
infectious_disease,respiratory,COVID-19,Nation,England,COVID-19_cases_rateRollingMean,f,all,default,2024,2024-06-17,4.3600,False
infectious_disease,respiratory,COVID-19,Nation,England,COVID-19_cases_rateRollingMean,m,all,default,2024,2024-06-17,4.6200,False
infectious_disease,respiratory,COVID-19,Nation,England,COVID-19_cases_rateRollingMean,f,all,default,2024,2024-06-16,4.2000,False
infectious_disease,respiratory,COVID-19,Nation,England,COVID-19_cases_rateRollingMean,m,all,default,2024,2024-06-16,4.4000,False
infectious_disease,respiratory,COVID-19,Nation,England,COVID-19_cases_rateRollingMean,f,all,default,2024,2024-06-15,4.0400,False
infectious_disease,respiratory,COVID-19,Nation,England,COVID-19_cases_rateRollingMean,m,all,default,2024,2024-06-15,4.2900,False
infectious_disease,respiratory,COVID-19,Nation,England,COVID-19_cases_rateRollingMean,f,all,default,2024,2024-06-14,3.8800,False
infectious_disease,respiratory,COVID-19,Nation,England,COVID-19_cases_rateRollingMean,m,all,default,2024,2024-06-14,4.2200,False
infectious_disease,respiratory,COVID-19,Nation,England,COVID-19_cases_rateRollingMean,f,all,default,2024,2024-06-13,3.6800,False
infectious_disease,respiratory,COVID-19,Nation,England,COVID-19_cases_rateRollingMean,m,all,default,2024,2024-06-13,4.0600,False
infectious_disease,respiratory,COVID-19,Nation,England,COVID-19_cases_rateRollingMean,f,all,default,2024,2024-06-12,3.5200,False
infectious_disease,respiratory,COVID-19,Nation,England,COVID-19_cases_rateRollingMean,m,all,default,2024,2024-06-12,3.7800,False
infectious_disease,respiratory,COVID-19,Nation,England,COVID-19_cases_rateRollingMean,f,all,default,2024,2024-06-11,3.4200,False
infectious_disease,respiratory,COVID-19,Nation,England,COVID-19_cases_rateRollingMean,m,all,default,2024,2024-06-11,3.7800,False
infectious_disease,respiratory,COVID-19,Nation,England,COVID-19_cases_rateRollingMean,f,all,default,2024,2024-06-10,3.3400,False
infectious_disease,respiratory,COVID-19,Nation,England,COVID-19_cases_rateRollingMean,m,all,default,2024,2024-06-10,3.6400,False
infectious_disease,respiratory,COVID-19,Nation,England,COVID-19_cases_rateRollingMean,f,all,default,2024,2024-06-09,3.2200,False
infectious_disease,respiratory,COVID-19,Nation,England,COVID-19_cases_rateRollingMean,m,all,default,2024,2024-06-09,3.6600,False
infectious_disease,respiratory,COVID-19,Nation,England,COVID-19_cases_rateRollingMean,f,all,default,2024,2024-06-08,3.1200,False
infectious_disease,respiratory,COVID-19,Nation,England,COVID-19_cases_rateRollingMean,m,all,default,2024,2024-06-08,3.5100,False
infectious_disease,respiratory,COVID-19,Nation,England,COVID-19_cases_rateRollingMean,f,all,default,2024,2024-06-07,3.0100,False
infectious_disease,respiratory,COVID-19,Nation,England,COVID-19_cases_rateRollingMean,m,all,default,2024,2024-06-07,3.4100,False
infectious_disease,respiratory,COVID-19,Nation,England,COVID-19_cases_rateRollingMean,f,all,default,2024,2024-06-06,2.9600,False
infectious_disease,respiratory,COVID-19,Nation,England,COVID-19_cases_rateRollingMean,m,all,default,2024,2024-06-06,3.5000,False
infectious_disease,respiratory,COVID-19,Nation,England,COVID-19_cases_rateRollingMean,f,all,default,2024,2024-06-05,2.9500,False
infectious_disease,respiratory,COVID-19,Nation,England,COVID-19_cases_rateRollingMean,m,all,default,2024,2024-06-05,3.5900,False
infectious_disease,respiratory,COVID-19,Nation,England,COVID-19_cases_rateRollingMean,f,all,default,2024,2024-06-04,2.9100,False
infectious_disease,respiratory,COVID-19,Nation,England,COVID-19_cases_rateRollingMean,m,all,default,2024,2024-06-04,3.4500,False
infectious_disease,respiratory,COVID-19,Nation,England,COVID-19_cases_rateRollingMean,f,all,default,2024,2024-06-03,2.9100,False
infectious_disease,respiratory,COVID-19,Nation,England,COVID-19_cases_rateRollingMean,m,all,default,2024,2024-06-03,3.4000,False
infectious_disease,respiratory,COVID-19,Nation,England,COVID-19_cases_rateRollingMean,f,all,default,2024,2024-06-02,2.7700,False
infectious_disease,respiratory,COVID-19,Nation,England,COVID-19_cases_rateRollingMean,m,all,default,2024,2024-06-02,3.1900,False
infectious_disease,respiratory,COVID-19,Nation,England,COVID-19_cases_rateRollingMean,f,all,default,2024,2024-06-01,2.7900,False
infectious_disease,respiratory,COVID-19,Nation,England,COVID-19_cases_rateRollingMean,m,all,default,2024,2024-06-01,3.1800,False
infectious_disease,respiratory,COVID-19,Nation,England,COVID-19_cases_rateRollingMean,f,all,default,2024,2024-05-31,2.7500,False
infectious_disease,respiratory,COVID-19,Nation,England,COVID-19_cases_rateRollingMean,m,all,default,2024,2024-05-31,3.1500,False
infectious_disease,respiratory,COVID-19,Nation,England,COVID-19_cases_rateRollingMean,f,all,default,2024,2024-05-30,2.7600,False
infectious_disease,respiratory,COVID-19,Nation,England,COVID-19_cases_rateRollingMean,m,all,default,2024,2024-05-30,3.0000,False
infectious_disease,respiratory,COVID-19,Nation,England,COVID-19_cases_rateRollingMean,f,all,default,2024,2024-05-29,2.7400,False
infectious_disease,respiratory,COVID-19,Nation,England,COVID-19_cases_rateRollingMean,m,all,default,2024,2024-05-29,2.9000,False
infectious_disease,respiratory,COVID-19,Nation,England,COVID-19_cases_rateRollingMean,f,all,default,2024,2024-05-28,2.7600,False
infectious_disease,respiratory,COVID-19,Nation,England,COVID-19_cases_rateRollingMean,m,all,default,2024,2024-05-28,2.9100,False
infectious_disease,respiratory,COVID-19,Nation,England,COVID-19_cases_rateRollingMean,f,all,default,2024,2024-05-27,2.7600,False
infectious_disease,respiratory,COVID-19,Nation,England,COVID-19_cases_rateRollingMean,m,all,default,2024,2024-05-27,2.9000,False
infectious_disease,respiratory,COVID-19,Nation,England,COVID-19_cases_rateRollingMean,f,all,default,2024,2024-05-26,2.9400,False
infectious_disease,respiratory,COVID-19,Nation,England,COVID-19_cases_rateRollingMean,m,all,default,2024,2024-05-26,3.0800,False
infectious_disease,respiratory,COVID-19,Nation,England,COVID-19_cases_rateRollingMean,f,all,default,2024,2024-05-25,2.9400,False
infectious_disease,respiratory,COVID-19,Nation,England,COVID-19_cases_rateRollingMean,m,all,default,2024,2024-05-25,3.1600,False
infectious_disease,respiratory,COVID-19,Nation,England,COVID-19_cases_rateRollingMean,f,all,default,2024,2024-05-24,3.0000,False
infectious_disease,respiratory,COVID-19,Nation,England,COVID-19_cases_rateRollingMean,m,all,default,2024,2024-05-24,3.2000,False
infectious_disease,respiratory,COVID-19,Nation,England,COVID-19_cases_rateRollingMean,f,all,default,2024,2024-05-23,3.0600,False
infectious_disease,respiratory,COVID-19,Nation,England,COVID-19_cases_rateRollingMean,m,all,default,2024,2024-05-23,3.3200,False
infectious_disease,respiratory,COVID-19,Nation,England,COVID-19_cases_rateRollingMean,f,all,default,2024,2024-05-22,3.2200,False
infectious_disease,respiratory,COVID-19,Nation,England,COVID-19_cases_rateRollingMean,m,all,default,2024,2024-05-22,3.4800,False
infectious_disease,respiratory,COVID-19,Nation,England,COVID-19_cases_rateRollingMean,f,all,default,2024,2024-05-21,3.3900,False
infectious_disease,respiratory,COVID-19,Nation,England,COVID-19_cases_rateRollingMean,m,all,default,2024,2024-05-21,3.5100,False
infectious_disease,respiratory,COVID-19,Nation,England,COVID-19_cases_rateRollingMean,f,all,default,2024,2024-05-20,3.4400,False
infectious_disease,respiratory,COVID-19,Nation,England,COVID-19_cases_rateRollingMean,m,all,default,2024,2024-05-20,3.6200,False
infectious_disease,respiratory,COVID-19,Nation,England,COVID-19_cases_rateRollingMean,f,all,default,2024,2024-05-19,3.4600,False
infectious_disease,respiratory,COVID-19,Nation,England,COVID-19_cases_rateRollingMean,m,all,default,2024,2024-05-19,3.6300,False
infectious_disease,respiratory,COVID-19,Nation,England,COVID-19_cases_rateRollingMean,f,all,default,2024,2024-05-18,3.4800,False
infectious_disease,respiratory,COVID-19,Nation,England,COVID-19_cases_rateRollingMean,m,all,default,2024,2024-05-18,3.6500,False
infectious_disease,respiratory,COVID-19,Nation,England,COVID-19_cases_rateRollingMean,f,all,default,2024,2024-05-17,3.6000,False
infectious_disease,respiratory,COVID-19,Nation,England,COVID-19_cases_rateRollingMean,m,all,default,2024,2024-05-17,3.7600,False
infectious_disease,respiratory,COVID-19,Nation,England,COVID-19_cases_rateRollingMean,f,all,default,2024,2024-05-16,3.6200,False
infectious_disease,respiratory,COVID-19,Nation,England,COVID-19_cases_rateRollingMean,m,all,default,2024,2024-05-16,3.9100,False
infectious_disease,respiratory,COVID-19,Nation,England,COVID-19_cases_rateRollingMean,f,all,default,2024,2024-05-15,3.7500,False
infectious_disease,respiratory,COVID-19,Nation,England,COVID-19_cases_rateRollingMean,m,all,default,2024,2024-05-15,4.0600,False
infectious_disease,respiratory,COVID-19,Nation,England,COVID-19_cases_rateRollingMean,f,all,default,2024,2024-05-14,3.7800,False
infectious_disease,respiratory,COVID-19,Nation,England,COVID-19_cases_rateRollingMean,m,all,default,2024,2024-05-14,4.1900,False
infectious_disease,respiratory,COVID-19,Nation,England,COVID-19_cases_rateRollingMean,f,all,default,2024,2024-05-13,3.8900,False
infectious_disease,respiratory,COVID-19,Nation,England,COVID-19_cases_rateRollingMean,m,all,default,2024,2024-05-13,4.3400,False
infectious_disease,respiratory,COVID-19,Nation,England,COVID-19_cases_rateRollingMean,f,all,default,2024,2024-05-12,3.8600,False
infectious_disease,respiratory,COVID-19,Nation,England,COVID-19_cases_rateRollingMean,m,all,default,2024,2024-05-12,4.3900,False
infectious_disease,respiratory,COVID-19,Nation,England,COVID-19_cases_rateRollingMean,f,all,default,2024,2024-05-11,3.9300,False
infectious_disease,respiratory,COVID-19,Nation,England,COVID-19_cases_rateRollingMean,m,all,default,2024,2024-05-11,4.4800,False
infectious_disease,respiratory,COVID-19,Nation,England,COVID-19_cases_rateRollingMean,f,all,default,2024,2024-05-10,4.0300,False
infectious_disease,respiratory,COVID-19,Nation,England,COVID-19_cases_rateRollingMean,m,all,default,2024,2024-05-10,4.4200,False
infectious_disease,respiratory,COVID-19,Nation,England,COVID-19_cases_rateRollingMean,f,all,default,2024,2024-05-09,4.2500,False
infectious_disease,respiratory,COVID-19,Nation,England,COVID-19_cases_rateRollingMean,m,all,default,2024,2024-05-09,4.3400,False
infectious_disease,respiratory,COVID-19,Nation,England,COVID-19_cases_rateRollingMean,f,all,default,2024,2024-05-08,4.1700,False
infectious_disease,respiratory,COVID-19,Nation,England,COVID-19_cases_rateRollingMean,m,all,default,2024,2024-05-08,4.1900,False
infectious_disease,respiratory,COVID-19,Nation,England,COVID-19_cases_rateRollingMean,f,all,default,2024,2024-05-07,4.1200,False
infectious_disease,respiratory,COVID-19,Nation,England,COVID-19_cases_rateRollingMean,m,all,default,2024,2024-05-07,4.2800,False
infectious_disease,respiratory,COVID-19,Nation,England,COVID-19_cases_rateRollingMean,f,all,default,2024,2024-05-06,4.1200,False
infectious_disease,respiratory,COVID-19,Nation,England,COVID-19_cases_rateRollingMean,m,all,default,2024,2024-05-06,4.1700,False
infectious_disease,respiratory,COVID-19,Nation,England,COVID-19_cases_rateRollingMean,f,all,default,2024,2024-05-05,4.0800,False
infectious_disease,respiratory,COVID-19,Nation,England,COVID-19_cases_rateRollingMean,m,all,default,2024,2024-05-05,4.2000,False
infectious_disease,respiratory,COVID-19,Nation,England,COVID-19_cases_rateRollingMean,f,all,default,2024,2024-05-04,3.9300,False
infectious_disease,respiratory,COVID-19,Nation,England,COVID-19_cases_rateRollingMean,m,all,default,2024,2024-05-04,4.0200,False
infectious_disease,respiratory,COVID-19,Nation,England,COVID-19_cases_rateRollingMean,f,all,default,2024,2024-05-03,3.7600,False
infectious_disease,respiratory,COVID-19,Nation,England,COVID-19_cases_rateRollingMean,m,all,default,2024,2024-05-03,3.9200,False
infectious_disease,respiratory,COVID-19,Nation,England,COVID-19_cases_rateRollingMean,f,all,default,2024,2024-05-02,3.4400,False
infectious_disease,respiratory,COVID-19,Nation,England,COVID-19_cases_rateRollingMean,m,all,default,2024,2024-05-02,3.8000,False
infectious_disease,respiratory,COVID-19,Nation,England,COVID-19_cases_rateRollingMean,f,all,default,2024,2024-05-01,3.2100,False
infectious_disease,respiratory,COVID-19,Nation,England,COVID-19_cases_rateRollingMean,m,all,default,2024,2024-05-01,3.7600,False
infectious_disease,respiratory,COVID-19,Nation,England,COVID-19_cases_rateRollingMean,f,all,default,2024,2024-04-30,3.1100,False
infectious_disease,respiratory,COVID-19,Nation,England,COVID-19_cases_rateRollingMean,m,all,default,2024,2024-04-30,3.4600,False
infectious_disease,respiratory,COVID-19,Nation,England,COVID-19_cases_rateRollingMean,f,all,default,2024,2024-04-29,2.9000,False
infectious_disease,respiratory,COVID-19,Nation,England,COVID-19_cases_rateRollingMean,m,all,default,2024,2024-04-29,3.3100,False
infectious_disease,respiratory,COVID-19,Nation,England,COVID-19_cases_rateRollingMean,f,all,default,2024,2024-04-28,2.8700,False
infectious_disease,respiratory,COVID-19,Nation,England,COVID-19_cases_rateRollingMean,m,all,default,2024,2024-04-28,3.1000,False
infectious_disease,respiratory,COVID-19,Nation,England,COVID-19_cases_rateRollingMean,f,all,default,2024,2024-04-27,2.8900,False
infectious_disease,respiratory,COVID-19,Nation,England,COVID-19_cases_rateRollingMean,m,all,default,2024,2024-04-27,3.0400,False
infectious_disease,respiratory,COVID-19,Nation,England,COVID-19_cases_rateRollingMean,f,all,default,2024,2024-04-26,2.7600,False
infectious_disease,respiratory,COVID-19,Nation,England,COVID-19_cases_rateRollingMean,m,all,default,2024,2024-04-26,2.9800,False
infectious_disease,respiratory,COVID-19,Nation,England,COVID-19_cases_rateRollingMean,f,all,default,2024,2024-04-25,2.7300,False
infectious_disease,respiratory,COVID-19,Nation,England,COVID-19_cases_rateRollingMean,m,all,default,2024,2024-04-25,2.8000,False
infectious_disease,respiratory,COVID-19,Nation,England,COVID-19_cases_rateRollingMean,f,all,default,2024,2024-04-24,2.7100,False
infectious_disease,respiratory,COVID-19,Nation,England,COVID-19_cases_rateRollingMean,m,all,default,2024,2024-04-24,2.6600,False
infectious_disease,respiratory,COVID-19,Nation,England,COVID-19_cases_rateRollingMean,f,all,default,2024,2024-04-23,2.6200,False
infectious_disease,respiratory,COVID-19,Nation,England,COVID-19_cases_rateRollingMean,m,all,default,2024,2024-04-23,2.5500,False
infectious_disease,respiratory,COVID-19,Nation,England,COVID-19_cases_rateRollingMean,f,all,default,2024,2024-04-22,2.4800,False
infectious_disease,respiratory,COVID-19,Nation,England,COVID-19_cases_rateRollingMean,m,all,default,2024,2024-04-22,2.4100,False
infectious_disease,respiratory,COVID-19,Nation,England,COVID-19_cases_rateRollingMean,f,all,default,2024,2024-04-21,2.3800,False
infectious_disease,respiratory,COVID-19,Nation,England,COVID-19_cases_rateRollingMean,m,all,default,2024,2024-04-21,2.3300,False
infectious_disease,respiratory,COVID-19,Nation,England,COVID-19_cases_rateRollingMean,f,all,default,2024,2024-04-20,2.3200,False
infectious_disease,respiratory,COVID-19,Nation,England,COVID-19_cases_rateRollingMean,m,all,default,2024,2024-04-20,2.2900,False
infectious_disease,respiratory,COVID-19,Nation,England,COVID-19_cases_rateRollingMean,f,all,default,2024,2024-04-19,2.3300,False
infectious_disease,respiratory,COVID-19,Nation,England,COVID-19_cases_rateRollingMean,m,all,default,2024,2024-04-19,2.2600,False
infectious_disease,respiratory,COVID-19,Nation,England,COVID-19_cases_rateRollingMean,f,all,default,2024,2024-04-18,2.3300,False
infectious_disease,respiratory,COVID-19,Nation,England,COVID-19_cases_rateRollingMean,m,all,default,2024,2024-04-18,2.2800,False
infectious_disease,respiratory,COVID-19,Nation,England,COVID-19_cases_rateRollingMean,f,all,default,2024,2024-04-17,2.2500,False
infectious_disease,respiratory,COVID-19,Nation,England,COVID-19_cases_rateRollingMean,m,all,default,2024,2024-04-17,2.2000,False
infectious_disease,respiratory,COVID-19,Nation,England,COVID-19_cases_rateRollingMean,f,all,default,2024,2024-04-16,2.1200,False
infectious_disease,respiratory,COVID-19,Nation,England,COVID-19_cases_rateRollingMean,m,all,default,2024,2024-04-16,2.1100,False
infectious_disease,respiratory,COVID-19,Nation,England,COVID-19_cases_rateRollingMean,f,all,default,2024,2024-04-15,2.1100,False
infectious_disease,respiratory,COVID-19,Nation,England,COVID-19_cases_rateRollingMean,m,all,default,2024,2024-04-15,2.1000,False
infectious_disease,respiratory,COVID-19,Nation,England,COVID-19_cases_rateRollingMean,f,all,default,2024,2024-04-14,2.1000,False
infectious_disease,respiratory,COVID-19,Nation,England,COVID-19_cases_rateRollingMean,m,all,default,2024,2024-04-14,2.0900,False
infectious_disease,respiratory,COVID-19,Nation,England,COVID-19_cases_rateRollingMean,f,all,default,2024,2024-04-13,2.0900,False
infectious_disease,respiratory,COVID-19,Nation,England,COVID-19_cases_rateRollingMean,m,all,default,2024,2024-04-13,2.1600,False
infectious_disease,respiratory,COVID-19,Nation,England,COVID-19_cases_rateRollingMean,f,all,default,2024,2024-04-12,2.1000,False
infectious_disease,respiratory,COVID-19,Nation,England,COVID-19_cases_rateRollingMean,m,all,default,2024,2024-04-12,2.1600,False
infectious_disease,respiratory,COVID-19,Nation,England,COVID-19_cases_rateRollingMean,f,all,default,2024,2024-04-11,2.0400,False
infectious_disease,respiratory,COVID-19,Nation,England,COVID-19_cases_rateRollingMean,m,all,default,2024,2024-04-11,2.1900,False
infectious_disease,respiratory,COVID-19,Nation,England,COVID-19_cases_rateRollingMean,f,all,default,2024,2024-04-10,2.1300,False
infectious_disease,respiratory,COVID-19,Nation,England,COVID-19_cases_rateRollingMean,m,all,default,2024,2024-04-10,2.1600,False
infectious_disease,respiratory,COVID-19,Nation,England,COVID-19_cases_rateRollingMean,f,all,default,2024,2024-04-09,2.2200,False
infectious_disease,respiratory,COVID-19,Nation,England,COVID-19_cases_rateRollingMean,m,all,default,2024,2024-04-09,2.2400,False
infectious_disease,respiratory,COVID-19,Nation,England,COVID-19_cases_rateRollingMean,f,all,default,2024,2024-04-08,2.3600,False
infectious_disease,respiratory,COVID-19,Nation,England,COVID-19_cases_rateRollingMean,m,all,default,2024,2024-04-08,2.3400,False
infectious_disease,respiratory,COVID-19,Nation,England,COVID-19_cases_rateRollingMean,f,all,default,2024,2024-04-07,2.3100,False
infectious_disease,respiratory,COVID-19,Nation,England,COVID-19_cases_rateRollingMean,m,all,default,2024,2024-04-07,2.2900,False
infectious_disease,respiratory,COVID-19,Nation,England,COVID-19_cases_rateRollingMean,f,all,default,2024,2024-04-06,2.3400,False
infectious_disease,respiratory,COVID-19,Nation,England,COVID-19_cases_rateRollingMean,m,all,default,2024,2024-04-06,2.2400,False
infectious_disease,respiratory,COVID-19,Nation,England,COVID-19_cases_rateRollingMean,f,all,default,2024,2024-04-05,2.3300,False
infectious_disease,respiratory,COVID-19,Nation,England,COVID-19_cases_rateRollingMean,m,all,default,2024,2024-04-05,2.2000,False
infectious_disease,respiratory,COVID-19,Nation,England,COVID-19_cases_rateRollingMean,f,all,default,2024,2024-04-04,2.2400,False
infectious_disease,respiratory,COVID-19,Nation,England,COVID-19_cases_rateRollingMean,m,all,default,2024,2024-04-04,2.1500,False
infectious_disease,respiratory,COVID-19,Nation,England,COVID-19_cases_rateRollingMean,f,all,default,2024,2024-04-03,2.2200,False
infectious_disease,respiratory,COVID-19,Nation,England,COVID-19_cases_rateRollingMean,m,all,default,2024,2024-04-03,2.1700,False
infectious_disease,respiratory,COVID-19,Nation,England,COVID-19_cases_rateRollingMean,f,all,default,2024,2024-04-02,2.2000,False
infectious_disease,respiratory,COVID-19,Nation,England,COVID-19_cases_rateRollingMean,m,all,default,2024,2024-04-02,2.1000,False
infectious_disease,respiratory,COVID-19,Nation,England,COVID-19_cases_rateRollingMean,f,all,default,2024,2024-04-01,2.1000,False
infectious_disease,respiratory,COVID-19,Nation,England,COVID-19_cases_rateRollingMean,m,all,default,2024,2024-04-01,1.9600,False
infectious_disease,respiratory,COVID-19,Nation,England,COVID-19_cases_rateRollingMean,f,all,default,2024,2024-03-31,2.1100,False
infectious_disease,respiratory,COVID-19,Nation,England,COVID-19_cases_rateRollingMean,m,all,default,2024,2024-03-31,1.9800,False
infectious_disease,respiratory,COVID-19,Nation,England,COVID-19_cases_rateRollingMean,f,all,default,2024,2024-03-30,2.1000,False
infectious_disease,respiratory,COVID-19,Nation,England,COVID-19_cases_rateRollingMean,m,all,default,2024,2024-03-30,2.0000,False
infectious_disease,respiratory,COVID-19,Nation,England,COVID-19_cases_rateRollingMean,f,all,default,2024,2024-03-29,2.0700,False
infectious_disease,respiratory,COVID-19,Nation,England,COVID-19_cases_rateRollingMean,m,all,default,2024,2024-03-29,2.0300,False
infectious_disease,respiratory,COVID-19,Nation,England,COVID-19_cases_rateRollingMean,f,all,default,2024,2024-03-28,2.1300,False
infectious_disease,respiratory,COVID-19,Nation,England,COVID-19_cases_rateRollingMean,m,all,default,2024,2024-03-28,2.0400,False
infectious_disease,respiratory,COVID-19,Nation,England,COVID-19_cases_rateRollingMean,f,all,default,2024,2024-03-27,2.0100,False
infectious_disease,respiratory,COVID-19,Nation,England,COVID-19_cases_rateRollingMean,m,all,default,2024,2024-03-27,2.0500,False
infectious_disease,respiratory,COVID-19,Nation,England,COVID-19_cases_rateRollingMean,f,all,default,2024,2024-03-26,1.9700,False
infectious_disease,respiratory,COVID-19,Nation,England,COVID-19_cases_rateRollingMean,m,all,default,2024,2024-03-26,2.0400,False
infectious_disease,respiratory,COVID-19,Nation,England,COVID-19_cases_rateRollingMean,f,all,default,2024,2024-03-25,2.0600,False
infectious_disease,respiratory,COVID-19,Nation,England,COVID-19_cases_rateRollingMean,m,all,default,2024,2024-03-25,2.1100,False
infectious_disease,respiratory,COVID-19,Nation,England,COVID-19_cases_rateRollingMean,f,all,default,2024,2024-03-24,2.0700,False
infectious_disease,respiratory,COVID-19,Nation,England,COVID-19_cases_rateRollingMean,m,all,default,2024,2024-03-24,2.1700,False
infectious_disease,respiratory,COVID-19,Nation,England,COVID-19_cases_rateRollingMean,f,all,default,2024,2024-03-23,2.0700,False
infectious_disease,respiratory,COVID-19,Nation,England,COVID-19_cases_rateRollingMean,m,all,default,2024,2024-03-23,2.1200,False
infectious_disease,respiratory,COVID-19,Nation,England,COVID-19_cases_rateRollingMean,f,all,default,2024,2024-03-22,2.0900,False
infectious_disease,respiratory,COVID-19,Nation,England,COVID-19_cases_rateRollingMean,m,all,default,2024,2024-03-22,2.1100,False
infectious_disease,respiratory,COVID-19,Nation,England,COVID-19_cases_rateRollingMean,f,all,default,2024,2024-03-21,2.1800,False
infectious_disease,respiratory,COVID-19,Nation,England,COVID-19_cases_rateRollingMean,m,all,default,2024,2024-03-21,2.1600,False
infectious_disease,respiratory,COVID-19,Nation,England,COVID-19_cases_rateRollingMean,f,all,default,2024,2024-03-20,2.3200,False
infectious_disease,respiratory,COVID-19,Nation,England,COVID-19_cases_rateRollingMean,m,all,default,2024,2024-03-20,2.2200,False
infectious_disease,respiratory,COVID-19,Nation,England,COVID-19_cases_rateRollingMean,f,all,default,2024,2024-03-19,2.5100,False
infectious_disease,respiratory,COVID-19,Nation,England,COVID-19_cases_rateRollingMean,m,all,default,2024,2024-03-19,2.3800,False
infectious_disease,respiratory,COVID-19,Nation,England,COVID-19_cases_rateRollingMean,f,all,default,2024,2024-03-18,2.4200,False
infectious_disease,respiratory,COVID-19,Nation,England,COVID-19_cases_rateRollingMean,m,all,default,2024,2024-03-18,2.4400,False
infectious_disease,respiratory,COVID-19,Nation,England,COVID-19_cases_rateRollingMean,f,all,default,2024,2024-03-17,2.5200,False
infectious_disease,respiratory,COVID-19,Nation,England,COVID-19_cases_rateRollingMean,m,all,default,2024,2024-03-17,2.3900,False
infectious_disease,respiratory,COVID-19,Nation,England,COVID-19_cases_rateRollingMean,f,all,default,2024,2024-03-16,2.4900,False
infectious_disease,respiratory,COVID-19,Nation,England,COVID-19_cases_rateRollingMean,m,all,default,2024,2024-03-16,2.4900,False
infectious_disease,respiratory,COVID-19,Nation,England,COVID-19_cases_rateRollingMean,f,all,default,2024,2024-03-15,2.4300,False
infectious_disease,respiratory,COVID-19,Nation,England,COVID-19_cases_rateRollingMean,m,all,default,2024,2024-03-15,2.5500,False
infectious_disease,respiratory,COVID-19,Nation,England,COVID-19_cases_rateRollingMean,f,all,default,2024,2024-03-14,2.3200,False
infectious_disease,respiratory,COVID-19,Nation,England,COVID-19_cases_rateRollingMean,m,all,default,2024,2024-03-14,2.4600,False
infectious_disease,respiratory,COVID-19,Nation,England,COVID-19_cases_rateRollingMean,f,all,default,2024,2024-03-13,2.3400,False
infectious_disease,respiratory,COVID-19,Nation,England,COVID-19_cases_rateRollingMean,m,all,default,2024,2024-03-13,2.4400,False
infectious_disease,respiratory,COVID-19,Nation,England,COVID-19_cases_rateRollingMean,f,all,default,2024,2024-03-12,2.2000,False
infectious_disease,respiratory,COVID-19,Nation,England,COVID-19_cases_rateRollingMean,m,all,default,2024,2024-03-12,2.3000,False
infectious_disease,respiratory,COVID-19,Nation,England,COVID-19_cases_rateRollingMean,f,all,default,2024,2024-03-11,2.2600,False
infectious_disease,respiratory,COVID-19,Nation,England,COVID-19_cases_rateRollingMean,m,all,default,2024,2024-03-11,2.2100,False
infectious_disease,respiratory,COVID-19,Nation,England,COVID-19_cases_rateRollingMean,f,all,default,2024,2024-03-10,2.1900,False
infectious_disease,respiratory,COVID-19,Nation,England,COVID-19_cases_rateRollingMean,m,all,default,2024,2024-03-10,2.2600,False
infectious_disease,respiratory,COVID-19,Nation,England,COVID-19_cases_rateRollingMean,f,all,default,2024,2024-03-09,2.2000,False
infectious_disease,respiratory,COVID-19,Nation,England,COVID-19_cases_rateRollingMean,m,all,default,2024,2024-03-09,2.1800,False
infectious_disease,respiratory,COVID-19,Nation,England,COVID-19_cases_rateRollingMean,f,all,default,2024,2024-03-08,2.2800,False
infectious_disease,respiratory,COVID-19,Nation,England,COVID-19_cases_rateRollingMean,m,all,default,2024,2024-03-08,2.1600,False
infectious_disease,respiratory,COVID-19,Nation,England,COVID-19_cases_rateRollingMean,f,all,default,2024,2024-03-07,2.3500,False
infectious_disease,respiratory,COVID-19,Nation,England,COVID-19_cases_rateRollingMean,m,all,default,2024,2024-03-07,2.1600,False
infectious_disease,respiratory,COVID-19,Nation,England,COVID-19_cases_rateRollingMean,f,all,default,2024,2024-03-06,2.2600,False
infectious_disease,respiratory,COVID-19,Nation,England,COVID-19_cases_rateRollingMean,m,all,default,2024,2024-03-06,2.1300,False
infectious_disease,respiratory,COVID-19,Nation,England,COVID-19_cases_rateRollingMean,f,all,default,2024,2024-03-05,2.1500,False
infectious_disease,respiratory,COVID-19,Nation,England,COVID-19_cases_rateRollingMean,m,all,default,2024,2024-03-05,2.1200,False
infectious_disease,respiratory,COVID-19,Nation,England,COVID-19_cases_rateRollingMean,f,all,default,2024,2024-03-04,2.0900,False
infectious_disease,respiratory,COVID-19,Nation,England,COVID-19_cases_rateRollingMean,m,all,default,2024,2024-03-04,2.1600,False
infectious_disease,respiratory,COVID-19,Nation,England,COVID-19_cases_rateRollingMean,f,all,default,2024,2024-03-03,2.0300,False
infectious_disease,respiratory,COVID-19,Nation,England,COVID-19_cases_rateRollingMean,m,all,default,2024,2024-03-03,2.0800,False
infectious_disease,respiratory,COVID-19,Nation,England,COVID-19_cases_rateRollingMean,f,all,default,2024,2024-03-02,2.0700,False
infectious_disease,respiratory,COVID-19,Nation,England,COVID-19_cases_rateRollingMean,m,all,default,2024,2024-03-02,2.0800,False
infectious_disease,respiratory,COVID-19,Nation,England,COVID-19_cases_rateRollingMean,f,all,default,2024,2024-03-01,2.1100,False
infectious_disease,respiratory,COVID-19,Nation,England,COVID-19_cases_rateRollingMean,m,all,default,2024,2024-03-01,2.1500,False
infectious_disease,respiratory,COVID-19,Nation,England,COVID-19_cases_rateRollingMean,f,all,default,2024,2024-02-29,2.1300,False
infectious_disease,respiratory,COVID-19,Nation,England,COVID-19_cases_rateRollingMean,m,all,default,2024,2024-02-29,2.2300,False
infectious_disease,respiratory,COVID-19,Nation,England,COVID-19_cases_rateRollingMean,f,all,default,2024,2024-02-28,2.2500,False
infectious_disease,respiratory,COVID-19,Nation,England,COVID-19_cases_rateRollingMean,m,all,default,2024,2024-02-28,2.2800,False
infectious_disease,respiratory,COVID-19,Nation,England,COVID-19_cases_rateRollingMean,f,all,default,2024,2024-02-27,2.4700,False
infectious_disease,respiratory,COVID-19,Nation,England,COVID-19_cases_rateRollingMean,m,all,default,2024,2024-02-27,2.4500,False
infectious_disease,respiratory,COVID-19,Nation,England,COVID-19_cases_rateRollingMean,f,all,default,2024,2024-02-26,2.5900,False
infectious_disease,respiratory,COVID-19,Nation,England,COVID-19_cases_rateRollingMean,m,all,default,2024,2024-02-26,2.4900,False
infectious_disease,respiratory,COVID-19,Nation,England,COVID-19_cases_rateRollingMean,f,all,default,2024,2024-02-25,2.7600,False
infectious_disease,respiratory,COVID-19,Nation,England,COVID-19_cases_rateRollingMean,m,all,default,2024,2024-02-25,2.5500,False
infectious_disease,respiratory,COVID-19,Nation,England,COVID-19_cases_rateRollingMean,f,all,default,2024,2024-02-24,2.9000,False
infectious_disease,respiratory,COVID-19,Nation,England,COVID-19_cases_rateRollingMean,m,all,default,2024,2024-02-24,2.6600,False
infectious_disease,respiratory,COVID-19,Nation,England,COVID-19_cases_rateRollingMean,f,all,default,2024,2024-02-23,3.0000,False
infectious_disease,respiratory,COVID-19,Nation,England,COVID-19_cases_rateRollingMean,m,all,default,2024,2024-02-23,2.7300,False
infectious_disease,respiratory,COVID-19,Nation,England,COVID-19_cases_rateRollingMean,f,all,default,2024,2024-02-22,3.2000,False
infectious_disease,respiratory,COVID-19,Nation,England,COVID-19_cases_rateRollingMean,m,all,default,2024,2024-02-22,2.9800,False
infectious_disease,respiratory,COVID-19,Nation,England,COVID-19_cases_rateRollingMean,f,all,default,2024,2024-02-21,3.3300,False
infectious_disease,respiratory,COVID-19,Nation,England,COVID-19_cases_rateRollingMean,m,all,default,2024,2024-02-21,3.1100,False
infectious_disease,respiratory,COVID-19,Nation,England,COVID-19_cases_rateRollingMean,f,all,default,2024,2024-02-20,3.5900,False
infectious_disease,respiratory,COVID-19,Nation,England,COVID-19_cases_rateRollingMean,m,all,default,2024,2024-02-20,3.2900,False
infectious_disease,respiratory,COVID-19,Nation,England,COVID-19_cases_rateRollingMean,f,all,default,2024,2024-02-19,3.8100,False
infectious_disease,respiratory,COVID-19,Nation,England,COVID-19_cases_rateRollingMean,m,all,default,2024,2024-02-19,3.6200,False
infectious_disease,respiratory,COVID-19,Nation,England,COVID-19_cases_rateRollingMean,f,all,default,2024,2024-02-18,4.1200,False
infectious_disease,respiratory,COVID-19,Nation,England,COVID-19_cases_rateRollingMean,m,all,default,2024,2024-02-18,3.9200,False
infectious_disease,respiratory,COVID-19,Nation,England,COVID-19_cases_rateRollingMean,f,all,default,2024,2024-02-17,4.4000,False
infectious_disease,respiratory,COVID-19,Nation,England,COVID-19_cases_rateRollingMean,m,all,default,2024,2024-02-17,4.1500,False
infectious_disease,respiratory,COVID-19,Nation,England,COVID-19_cases_rateRollingMean,f,all,default,2024,2024-02-16,4.6500,False
infectious_disease,respiratory,COVID-19,Nation,England,COVID-19_cases_rateRollingMean,m,all,default,2024,2024-02-16,4.3000,False
infectious_disease,respiratory,COVID-19,Nation,England,COVID-19_cases_rateRollingMean,f,all,default,2024,2024-02-15,4.7900,False
infectious_disease,respiratory,COVID-19,Nation,England,COVID-19_cases_rateRollingMean,m,all,default,2024,2024-02-15,4.5000,False
infectious_disease,respiratory,COVID-19,Nation,England,COVID-19_cases_rateRollingMean,f,all,default,2024,2024-02-14,5.1000,False
infectious_disease,respiratory,COVID-19,Nation,England,COVID-19_cases_rateRollingMean,m,all,default,2024,2024-02-14,4.7600,False
infectious_disease,respiratory,COVID-19,Nation,England,COVID-19_cases_rateRollingMean,f,all,default,2024,2024-02-13,5.4100,False
infectious_disease,respiratory,COVID-19,Nation,England,COVID-19_cases_rateRollingMean,m,all,default,2024,2024-02-13,4.9500,False
infectious_disease,respiratory,COVID-19,Nation,England,COVID-19_cases_rateRollingMean,f,all,default,2024,2024-02-12,5.7700,False
infectious_disease,respiratory,COVID-19,Nation,England,COVID-19_cases_rateRollingMean,m,all,default,2024,2024-02-12,5.1400,False
infectious_disease,respiratory,COVID-19,Nation,England,COVID-19_cases_rateRollingMean,f,all,default,2024,2024-02-11,6.2300,False
infectious_disease,respiratory,COVID-19,Nation,England,COVID-19_cases_rateRollingMean,m,all,default,2024,2024-02-11,5.5400,False
infectious_disease,respiratory,COVID-19,Nation,England,COVID-19_cases_rateRollingMean,f,all,default,2024,2024-02-10,6.4700,False
infectious_disease,respiratory,COVID-19,Nation,England,COVID-19_cases_rateRollingMean,m,all,default,2024,2024-02-10,5.8300,False
infectious_disease,respiratory,COVID-19,Nation,England,COVID-19_cases_rateRollingMean,f,all,default,2024,2024-02-09,6.7200,False
infectious_disease,respiratory,COVID-19,Nation,England,COVID-19_cases_rateRollingMean,m,all,default,2024,2024-02-09,6.0100,False
infectious_disease,respiratory,COVID-19,Nation,England,COVID-19_cases_rateRollingMean,f,all,default,2024,2024-02-08,7.0400,False
infectious_disease,respiratory,COVID-19,Nation,England,COVID-19_cases_rateRollingMean,m,all,default,2024,2024-02-08,6.0000,False
infectious_disease,respiratory,COVID-19,Nation,England,COVID-19_cases_rateRollingMean,f,all,default,2024,2024-02-07,7.4000,False
infectious_disease,respiratory,COVID-19,Nation,England,COVID-19_cases_rateRollingMean,m,all,default,2024,2024-02-07,6.1700,False
infectious_disease,respiratory,COVID-19,Nation,England,COVID-19_cases_rateRollingMean,f,all,default,2024,2024-02-06,7.6700,False
infectious_disease,respiratory,COVID-19,Nation,England,COVID-19_cases_rateRollingMean,m,all,default,2024,2024-02-06,6.5500,False
infectious_disease,respiratory,COVID-19,Nation,England,COVID-19_cases_rateRollingMean,f,all,default,2024,2024-02-05,8.0400,False
infectious_disease,respiratory,COVID-19,Nation,England,COVID-19_cases_rateRollingMean,m,all,default,2024,2024-02-05,6.7200,False
infectious_disease,respiratory,COVID-19,Nation,England,COVID-19_cases_rateRollingMean,f,all,default,2024,2024-02-04,8.2700,False
infectious_disease,respiratory,COVID-19,Nation,England,COVID-19_cases_rateRollingMean,m,all,default,2024,2024-02-04,6.9400,False
infectious_disease,respiratory,COVID-19,Nation,England,COVID-19_cases_rateRollingMean,f,all,default,2024,2024-02-03,8.5200,False
infectious_disease,respiratory,COVID-19,Nation,England,COVID-19_cases_rateRollingMean,m,all,default,2024,2024-02-03,6.9700,False
infectious_disease,respiratory,COVID-19,Nation,England,COVID-19_cases_rateRollingMean,f,all,default,2024,2024-02-02,8.5500,False
infectious_disease,respiratory,COVID-19,Nation,England,COVID-19_cases_rateRollingMean,m,all,default,2024,2024-02-02,7.1100,False
infectious_disease,respiratory,COVID-19,Nation,England,COVID-19_cases_rateRollingMean,f,all,default,2024,2024-02-01,8.8100,False
infectious_disease,respiratory,COVID-19,Nation,England,COVID-19_cases_rateRollingMean,m,all,default,2024,2024-02-01,7.3500,False
infectious_disease,respiratory,COVID-19,Nation,England,COVID-19_cases_rateRollingMean,f,all,default,2024,2024-01-31,9.2000,False
infectious_disease,respiratory,COVID-19,Nation,England,COVID-19_cases_rateRollingMean,m,all,default,2024,2024-01-31,7.8200,False
infectious_disease,respiratory,COVID-19,Nation,England,COVID-19_cases_rateRollingMean,f,all,default,2024,2024-01-30,9.5400,False
infectious_disease,respiratory,COVID-19,Nation,England,COVID-19_cases_rateRollingMean,m,all,default,2024,2024-01-30,8.0300,False
infectious_disease,respiratory,COVID-19,Nation,England,COVID-19_cases_rateRollingMean,f,all,default,2024,2024-01-29,9.8600,False
infectious_disease,respiratory,COVID-19,Nation,England,COVID-19_cases_rateRollingMean,m,all,default,2024,2024-01-29,8.4600,False
infectious_disease,respiratory,COVID-19,Nation,England,COVID-19_cases_rateRollingMean,f,all,default,2024,2024-01-28,10.3900,False
infectious_disease,respiratory,COVID-19,Nation,England,COVID-19_cases_rateRollingMean,m,all,default,2024,2024-01-28,8.8400,False
infectious_disease,respiratory,COVID-19,Nation,England,COVID-19_cases_rateRollingMean,f,all,default,2024,2024-01-27,10.5600,False
infectious_disease,respiratory,COVID-19,Nation,England,COVID-19_cases_rateRollingMean,m,all,default,2024,2024-01-27,9.2200,False
infectious_disease,respiratory,COVID-19,Nation,England,COVID-19_cases_rateRollingMean,f,all,default,2024,2024-01-26,10.8200,False
infectious_disease,respiratory,COVID-19,Nation,England,COVID-19_cases_rateRollingMean,m,all,default,2024,2024-01-26,9.4600,False
infectious_disease,respiratory,COVID-19,Nation,England,COVID-19_cases_rateRollingMean,f,all,default,2024,2024-01-25,10.9400,False
infectious_disease,respiratory,COVID-19,Nation,England,COVID-19_cases_rateRollingMean,m,all,default,2024,2024-01-25,9.6000,False
infectious_disease,respiratory,COVID-19,Nation,England,COVID-19_cases_rateRollingMean,f,all,default,2024,2024-01-24,10.8300,False
infectious_disease,respiratory,COVID-19,Nation,England,COVID-19_cases_rateRollingMean,m,all,default,2024,2024-01-24,9.5100,False
infectious_disease,respiratory,COVID-19,Nation,England,COVID-19_cases_rateRollingMean,f,all,default,2024,2024-01-23,10.8200,False
infectious_disease,respiratory,COVID-19,Nation,England,COVID-19_cases_rateRollingMean,m,all,default,2024,2024-01-23,9.3500,False
infectious_disease,respiratory,COVID-19,Nation,England,COVID-19_cases_rateRollingMean,f,all,default,2024,2024-01-22,10.5600,False
infectious_disease,respiratory,COVID-19,Nation,England,COVID-19_cases_rateRollingMean,m,all,default,2024,2024-01-22,9.1000,False
infectious_disease,respiratory,COVID-19,Nation,England,COVID-19_cases_rateRollingMean,f,all,default,2024,2024-01-21,10.1600,False
infectious_disease,respiratory,COVID-19,Nation,England,COVID-19_cases_rateRollingMean,m,all,default,2024,2024-01-21,8.7000,False
infectious_disease,respiratory,COVID-19,Nation,England,COVID-19_cases_rateRollingMean,f,all,default,2024,2024-01-20,10.0800,False
infectious_disease,respiratory,COVID-19,Nation,England,COVID-19_cases_rateRollingMean,m,all,default,2024,2024-01-20,8.5800,False
infectious_disease,respiratory,COVID-19,Nation,England,COVID-19_cases_rateRollingMean,f,all,default,2024,2024-01-19,9.9100,False
infectious_disease,respiratory,COVID-19,Nation,England,COVID-19_cases_rateRollingMean,m,all,default,2024,2024-01-19,8.3600,False
infectious_disease,respiratory,COVID-19,Nation,England,COVID-19_cases_rateRollingMean,f,all,default,2024,2024-01-18,9.9000,False
infectious_disease,respiratory,COVID-19,Nation,England,COVID-19_cases_rateRollingMean,m,all,default,2024,2024-01-18,8.4200,False
infectious_disease,respiratory,COVID-19,Nation,England,COVID-19_cases_rateRollingMean,f,all,default,2024,2024-01-17,9.8900,False
infectious_disease,respiratory,COVID-19,Nation,England,COVID-19_cases_rateRollingMean,m,all,default,2024,2024-01-17,8.4500,False
infectious_disease,respiratory,COVID-19,Nation,England,COVID-19_cases_rateRollingMean,f,all,default,2024,2024-01-16,9.9200,False
infectious_disease,respiratory,COVID-19,Nation,England,COVID-19_cases_rateRollingMean,m,all,default,2024,2024-01-16,8.5400,False
infectious_disease,respiratory,COVID-19,Nation,England,COVID-19_cases_rateRollingMean,f,all,default,2024,2024-01-15,9.9400,False
infectious_disease,respiratory,COVID-19,Nation,England,COVID-19_cases_rateRollingMean,m,all,default,2024,2024-01-15,8.5800,False
infectious_disease,respiratory,COVID-19,Nation,England,COVID-19_cases_rateRollingMean,f,all,default,2024,2024-01-14,10.1300,False
infectious_disease,respiratory,COVID-19,Nation,England,COVID-19_cases_rateRollingMean,m,all,default,2024,2024-01-14,8.8500,False
infectious_disease,respiratory,COVID-19,Nation,England,COVID-19_cases_rateRollingMean,f,all,default,2024,2024-01-13,10.3500,False
infectious_disease,respiratory,COVID-19,Nation,England,COVID-19_cases_rateRollingMean,m,all,default,2024,2024-01-13,8.8500,False
infectious_disease,respiratory,COVID-19,Nation,England,COVID-19_cases_rateRollingMean,f,all,default,2024,2024-01-12,10.8300,False
infectious_disease,respiratory,COVID-19,Nation,England,COVID-19_cases_rateRollingMean,m,all,default,2024,2024-01-12,9.1100,False
infectious_disease,respiratory,COVID-19,Nation,England,COVID-19_cases_rateRollingMean,f,all,default,2024,2024-01-11,11.2200,False
infectious_disease,respiratory,COVID-19,Nation,England,COVID-19_cases_rateRollingMean,m,all,default,2024,2024-01-11,9.2900,False
infectious_disease,respiratory,COVID-19,Nation,England,COVID-19_cases_rateRollingMean,f,all,default,2024,2024-01-10,11.7300,False
infectious_disease,respiratory,COVID-19,Nation,England,COVID-19_cases_rateRollingMean,m,all,default,2024,2024-01-10,9.6800,False
infectious_disease,respiratory,COVID-19,Nation,England,COVID-19_cases_rateRollingMean,f,all,default,2024,2024-01-09,12.4500,False
infectious_disease,respiratory,COVID-19,Nation,England,COVID-19_cases_rateRollingMean,m,all,default,2024,2024-01-09,10.2600,False
infectious_disease,respiratory,COVID-19,Nation,England,COVID-19_cases_rateRollingMean,f,all,default,2024,2024-01-08,13.6300,False
infectious_disease,respiratory,COVID-19,Nation,England,COVID-19_cases_rateRollingMean,m,all,default,2024,2024-01-08,10.9700,False
infectious_disease,respiratory,COVID-19,Nation,England,COVID-19_cases_rateRollingMean,f,all,default,2024,2024-01-07,13.7900,False
infectious_disease,respiratory,COVID-19,Nation,England,COVID-19_cases_rateRollingMean,m,all,default,2024,2024-01-07,11.0700,False
infectious_disease,respiratory,COVID-19,Nation,England,COVID-19_cases_rateRollingMean,f,all,default,2024,2024-01-06,14.4300,False
infectious_disease,respiratory,COVID-19,Nation,England,COVID-19_cases_rateRollingMean,m,all,default,2024,2024-01-06,11.6900,False
infectious_disease,respiratory,COVID-19,Nation,England,COVID-19_cases_rateRollingMean,f,all,default,2024,2024-01-05,15.1300,False
infectious_disease,respiratory,COVID-19,Nation,England,COVID-19_cases_rateRollingMean,m,all,default,2024,2024-01-05,12.3000,False
infectious_disease,respiratory,COVID-19,Nation,England,COVID-19_cases_rateRollingMean,f,all,default,2024,2024-01-04,15.7900,False
infectious_disease,respiratory,COVID-19,Nation,England,COVID-19_cases_rateRollingMean,m,all,default,2024,2024-01-04,13.2400,False
infectious_disease,respiratory,COVID-19,Nation,England,COVID-19_cases_rateRollingMean,f,all,default,2024,2024-01-03,16.6100,False
infectious_disease,respiratory,COVID-19,Nation,England,COVID-19_cases_rateRollingMean,m,all,default,2024,2024-01-03,13.7500,False
infectious_disease,respiratory,COVID-19,Nation,England,COVID-19_cases_rateRollingMean,f,all,default,2024,2024-01-02,16.9200,False
infectious_disease,respiratory,COVID-19,Nation,England,COVID-19_cases_rateRollingMean,m,all,default,2024,2024-01-02,14.0800,False
infectious_disease,respiratory,COVID-19,Nation,England,COVID-19_cases_rateRollingMean,f,all,default,2024,2024-01-01,16.5100,False
infectious_disease,respiratory,COVID-19,Nation,England,COVID-19_cases_rateRollingMean,m,all,default,2024,2024-01-01,13.7300,False
infectious_disease,respiratory,COVID-19,Nation,England,COVID-19_cases_rateRollingMean,f,all,default,2023,2023-12-31,16.1200,False
infectious_disease,respiratory,COVID-19,Nation,England,COVID-19_cases_rateRollingMean,m,all,default,2023,2023-12-31,13.4200,False
infectious_disease,respiratory,COVID-19,Nation,England,COVID-19_cases_rateRollingMean,f,all,default,2023,2023-12-30,15.9700,False
infectious_disease,respiratory,COVID-19,Nation,England,COVID-19_cases_rateRollingMean,m,all,default,2023,2023-12-30,13.2800,False
infectious_disease,respiratory,COVID-19,Nation,England,COVID-19_cases_rateRollingMean,f,all,default,2023,2023-12-29,15.6500,False
infectious_disease,respiratory,COVID-19,Nation,England,COVID-19_cases_rateRollingMean,m,all,default,2023,2023-12-29,13.0000,False
infectious_disease,respiratory,COVID-19,Nation,England,COVID-19_cases_rateRollingMean,f,all,default,2023,2023-12-28,15.4800,False
infectious_disease,respiratory,COVID-19,Nation,England,COVID-19_cases_rateRollingMean,m,all,default,2023,2023-12-28,12.5400,False
infectious_disease,respiratory,COVID-19,Nation,England,COVID-19_cases_rateRollingMean,f,all,default,2023,2023-12-27,15.2200,False
infectious_disease,respiratory,COVID-19,Nation,England,COVID-19_cases_rateRollingMean,m,all,default,2023,2023-12-27,12.4500,False
infectious_disease,respiratory,COVID-19,Nation,England,COVID-19_cases_rateRollingMean,f,all,default,2023,2023-12-26,15.1500,False
infectious_disease,respiratory,COVID-19,Nation,England,COVID-19_cases_rateRollingMean,m,all,default,2023,2023-12-26,12.4200,False
infectious_disease,respiratory,COVID-19,Nation,England,COVID-19_cases_rateRollingMean,f,all,default,2023,2023-12-25,15.7900,False
infectious_disease,respiratory,COVID-19,Nation,England,COVID-19_cases_rateRollingMean,m,all,default,2023,2023-12-25,12.8000,False
infectious_disease,respiratory,COVID-19,Nation,England,COVID-19_cases_rateRollingMean,f,all,default,2023,2023-12-24,17.2900,False
infectious_disease,respiratory,COVID-19,Nation,England,COVID-19_cases_rateRollingMean,m,all,default,2023,2023-12-24,13.8500,False
infectious_disease,respiratory,COVID-19,Nation,England,COVID-19_cases_rateRollingMean,f,all,default,2023,2023-12-23,17.7700,False
infectious_disease,respiratory,COVID-19,Nation,England,COVID-19_cases_rateRollingMean,m,all,default,2023,2023-12-23,13.9900,False
infectious_disease,respiratory,COVID-19,Nation,England,COVID-19_cases_rateRollingMean,f,all,default,2023,2023-12-22,17.6600,False
infectious_disease,respiratory,COVID-19,Nation,England,COVID-19_cases_rateRollingMean,m,all,default,2023,2023-12-22,13.7800,False
infectious_disease,respiratory,COVID-19,Nation,England,COVID-19_cases_rateRollingMean,f,all,default,2023,2023-12-21,17.4900,False
infectious_disease,respiratory,COVID-19,Nation,England,COVID-19_cases_rateRollingMean,m,all,default,2023,2023-12-21,13.6200,False
infectious_disease,respiratory,COVID-19,Nation,England,COVID-19_cases_rateRollingMean,f,all,default,2023,2023-12-20,16.9400,False
infectious_disease,respiratory,COVID-19,Nation,England,COVID-19_cases_rateRollingMean,m,all,default,2023,2023-12-20,13.0800,False
infectious_disease,respiratory,COVID-19,Nation,England,COVID-19_cases_rateRollingMean,f,all,default,2023,2023-12-19,16.6300,False
infectious_disease,respiratory,COVID-19,Nation,England,COVID-19_cases_rateRollingMean,m,all,default,2023,2023-12-19,12.6900,False
infectious_disease,respiratory,COVID-19,Nation,England,COVID-19_cases_rateRollingMean,f,all,default,2023,2023-12-18,16.1400,False
infectious_disease,respiratory,COVID-19,Nation,England,COVID-19_cases_rateRollingMean,m,all,default,2023,2023-12-18,12.5400,False
infectious_disease,respiratory,COVID-19,Nation,England,COVID-19_cases_rateRollingMean,f,all,default,2023,2023-12-17,15.5700,False
infectious_disease,respiratory,COVID-19,Nation,England,COVID-19_cases_rateRollingMean,m,all,default,2023,2023-12-17,11.9900,False
infectious_disease,respiratory,COVID-19,Nation,England,COVID-19_cases_rateRollingMean,f,all,default,2023,2023-12-16,14.9700,False
infectious_disease,respiratory,COVID-19,Nation,England,COVID-19_cases_rateRollingMean,m,all,default,2023,2023-12-16,11.7600,False
infectious_disease,respiratory,COVID-19,Nation,England,COVID-19_cases_rateRollingMean,f,all,default,2023,2023-12-15,14.7400,False
infectious_disease,respiratory,COVID-19,Nation,England,COVID-19_cases_rateRollingMean,m,all,default,2023,2023-12-15,11.6500,False
infectious_disease,respiratory,COVID-19,Nation,England,COVID-19_cases_rateRollingMean,f,all,default,2023,2023-12-14,14.3400,False
infectious_disease,respiratory,COVID-19,Nation,England,COVID-19_cases_rateRollingMean,m,all,default,2023,2023-12-14,11.3700,False
infectious_disease,respiratory,COVID-19,Nation,England,COVID-19_cases_rateRollingMean,f,all,default,2023,2023-12-13,13.9600,False
infectious_disease,respiratory,COVID-19,Nation,England,COVID-19_cases_rateRollingMean,m,all,default,2023,2023-12-13,10.9500,False
infectious_disease,respiratory,COVID-19,Nation,England,COVID-19_cases_rateRollingMean,f,all,default,2023,2023-12-12,13.5800,False
infectious_disease,respiratory,COVID-19,Nation,England,COVID-19_cases_rateRollingMean,m,all,default,2023,2023-12-12,10.4800,False
infectious_disease,respiratory,COVID-19,Nation,England,COVID-19_cases_rateRollingMean,f,all,default,2023,2023-12-11,13.0200,False
infectious_disease,respiratory,COVID-19,Nation,England,COVID-19_cases_rateRollingMean,m,all,default,2023,2023-12-11,10.0000,False
infectious_disease,respiratory,COVID-19,Nation,England,COVID-19_cases_rateRollingMean,f,all,default,2023,2023-12-10,12.2800,False
infectious_disease,respiratory,COVID-19,Nation,England,COVID-19_cases_rateRollingMean,m,all,default,2023,2023-12-10,9.7000,False
infectious_disease,respiratory,COVID-19,Nation,England,COVID-19_cases_rateRollingMean,f,all,default,2023,2023-12-09,11.8600,False
infectious_disease,respiratory,COVID-19,Nation,England,COVID-19_cases_rateRollingMean,m,all,default,2023,2023-12-09,9.1700,False
infectious_disease,respiratory,COVID-19,Nation,England,COVID-19_cases_rateRollingMean,f,all,default,2023,2023-12-08,11.3400,False
infectious_disease,respiratory,COVID-19,Nation,England,COVID-19_cases_rateRollingMean,m,all,default,2023,2023-12-08,8.7500,False
infectious_disease,respiratory,COVID-19,Nation,England,COVID-19_cases_rateRollingMean,f,all,default,2023,2023-12-07,10.6700,False
infectious_disease,respiratory,COVID-19,Nation,England,COVID-19_cases_rateRollingMean,m,all,default,2023,2023-12-07,8.1500,False
infectious_disease,respiratory,COVID-19,Nation,England,COVID-19_cases_rateRollingMean,f,all,default,2023,2023-12-06,10.3100,False
infectious_disease,respiratory,COVID-19,Nation,England,COVID-19_cases_rateRollingMean,m,all,default,2023,2023-12-06,7.9100,False
infectious_disease,respiratory,COVID-19,Nation,England,COVID-19_cases_rateRollingMean,f,all,default,2023,2023-12-05,9.7500,False
infectious_disease,respiratory,COVID-19,Nation,England,COVID-19_cases_rateRollingMean,m,all,default,2023,2023-12-05,7.6900,False
infectious_disease,respiratory,COVID-19,Nation,England,COVID-19_cases_rateRollingMean,f,all,default,2023,2023-12-04,9.2000,False
infectious_disease,respiratory,COVID-19,Nation,England,COVID-19_cases_rateRollingMean,m,all,default,2023,2023-12-04,7.2800,False
infectious_disease,respiratory,COVID-19,Nation,England,COVID-19_cases_rateRollingMean,f,all,default,2023,2023-12-03,8.7100,False
infectious_disease,respiratory,COVID-19,Nation,England,COVID-19_cases_rateRollingMean,m,all,default,2023,2023-12-03,6.8200,False
infectious_disease,respiratory,COVID-19,Nation,England,COVID-19_cases_rateRollingMean,f,all,default,2023,2023-12-02,8.2600,False
infectious_disease,respiratory,COVID-19,Nation,England,COVID-19_cases_rateRollingMean,m,all,default,2023,2023-12-02,6.5600,False
infectious_disease,respiratory,COVID-19,Nation,England,COVID-19_cases_rateRollingMean,f,all,default,2023,2023-12-01,8.0300,False
infectious_disease,respiratory,COVID-19,Nation,England,COVID-19_cases_rateRollingMean,m,all,default,2023,2023-12-01,6.4500,False
infectious_disease,respiratory,COVID-19,Nation,England,COVID-19_cases_rateRollingMean,f,all,default,2023,2023-11-30,8.0100,False
infectious_disease,respiratory,COVID-19,Nation,England,COVID-19_cases_rateRollingMean,m,all,default,2023,2023-11-30,6.4300,False
infectious_disease,respiratory,COVID-19,Nation,England,COVID-19_cases_rateRollingMean,f,all,default,2023,2023-11-29,7.8700,False
infectious_disease,respiratory,COVID-19,Nation,England,COVID-19_cases_rateRollingMean,m,all,default,2023,2023-11-29,6.2400,False
infectious_disease,respiratory,COVID-19,Nation,England,COVID-19_cases_rateRollingMean,f,all,default,2023,2023-11-28,7.7000,False
infectious_disease,respiratory,COVID-19,Nation,England,COVID-19_cases_rateRollingMean,m,all,default,2023,2023-11-28,5.9900,False
infectious_disease,respiratory,COVID-19,Nation,England,COVID-19_cases_rateRollingMean,f,all,default,2023,2023-11-27,7.5400,False
infectious_disease,respiratory,COVID-19,Nation,England,COVID-19_cases_rateRollingMean,m,all,default,2023,2023-11-27,5.8100,False
infectious_disease,respiratory,COVID-19,Nation,England,COVID-19_cases_rateRollingMean,f,all,default,2023,2023-11-26,7.5700,False
infectious_disease,respiratory,COVID-19,Nation,England,COVID-19_cases_rateRollingMean,m,all,default,2023,2023-11-26,5.8400,False
infectious_disease,respiratory,COVID-19,Nation,England,COVID-19_cases_rateRollingMean,f,all,default,2023,2023-11-25,7.6300,False
infectious_disease,respiratory,COVID-19,Nation,England,COVID-19_cases_rateRollingMean,m,all,default,2023,2023-11-25,5.9700,False
infectious_disease,respiratory,COVID-19,Nation,England,COVID-19_cases_rateRollingMean,f,all,default,2023,2023-11-24,7.7000,False
infectious_disease,respiratory,COVID-19,Nation,England,COVID-19_cases_rateRollingMean,m,all,default,2023,2023-11-24,6.0000,False
infectious_disease,respiratory,COVID-19,Nation,England,COVID-19_cases_rateRollingMean,f,all,default,2023,2023-11-23,7.7300,False
infectious_disease,respiratory,COVID-19,Nation,England,COVID-19_cases_rateRollingMean,m,all,default,2023,2023-11-23,5.9000,False
infectious_disease,respiratory,COVID-19,Nation,England,COVID-19_cases_rateRollingMean,f,all,default,2023,2023-11-22,7.9300,False
infectious_disease,respiratory,COVID-19,Nation,England,COVID-19_cases_rateRollingMean,m,all,default,2023,2023-11-22,6.0600,False
infectious_disease,respiratory,COVID-19,Nation,England,COVID-19_cases_rateRollingMean,f,all,default,2023,2023-11-21,7.9200,False
infectious_disease,respiratory,COVID-19,Nation,England,COVID-19_cases_rateRollingMean,m,all,default,2023,2023-11-21,6.1300,False
infectious_disease,respiratory,COVID-19,Nation,England,COVID-19_cases_rateRollingMean,f,all,default,2023,2023-11-20,8.1700,False
infectious_disease,respiratory,COVID-19,Nation,England,COVID-19_cases_rateRollingMean,m,all,default,2023,2023-11-20,6.4800,False
infectious_disease,respiratory,COVID-19,Nation,England,COVID-19_cases_rateRollingMean,f,all,default,2023,2023-11-19,8.3000,False
infectious_disease,respiratory,COVID-19,Nation,England,COVID-19_cases_rateRollingMean,m,all,default,2023,2023-11-19,6.5000,False
infectious_disease,respiratory,COVID-19,Nation,England,COVID-19_cases_rateRollingMean,f,all,default,2023,2023-11-18,8.3700,False
infectious_disease,respiratory,COVID-19,Nation,England,COVID-19_cases_rateRollingMean,m,all,default,2023,2023-11-18,6.5800,False
infectious_disease,respiratory,COVID-19,Nation,England,COVID-19_cases_rateRollingMean,f,all,default,2023,2023-11-17,8.0400,False
infectious_disease,respiratory,COVID-19,Nation,England,COVID-19_cases_rateRollingMean,m,all,default,2023,2023-11-17,6.3000,False
infectious_disease,respiratory,COVID-19,Nation,England,COVID-19_cases_rateRollingMean,f,all,default,2023,2023-11-16,7.4600,False
infectious_disease,respiratory,COVID-19,Nation,England,COVID-19_cases_rateRollingMean,m,all,default,2023,2023-11-16,5.9700,False
infectious_disease,respiratory,COVID-19,Nation,England,COVID-19_cases_rateRollingMean,f,all,default,2023,2023-11-15,7.0300,False
infectious_disease,respiratory,COVID-19,Nation,England,COVID-19_cases_rateRollingMean,m,all,default,2023,2023-11-15,5.7700,False
infectious_disease,respiratory,COVID-19,Nation,England,COVID-19_cases_rateRollingMean,f,all,default,2023,2023-11-14,7.2200,False
infectious_disease,respiratory,COVID-19,Nation,England,COVID-19_cases_rateRollingMean,m,all,default,2023,2023-11-14,5.8500,False
infectious_disease,respiratory,COVID-19,Nation,England,COVID-19_cases_rateRollingMean,f,all,default,2023,2023-11-13,7.4400,False
infectious_disease,respiratory,COVID-19,Nation,England,COVID-19_cases_rateRollingMean,m,all,default,2023,2023-11-13,5.7700,False
infectious_disease,respiratory,COVID-19,Nation,England,COVID-19_cases_rateRollingMean,f,all,default,2023,2023-11-12,7.5600,False
infectious_disease,respiratory,COVID-19,Nation,England,COVID-19_cases_rateRollingMean,m,all,default,2023,2023-11-12,5.7700,False
infectious_disease,respiratory,COVID-19,Nation,England,COVID-19_cases_rateRollingMean,f,all,default,2023,2023-11-11,7.7900,False
infectious_disease,respiratory,COVID-19,Nation,England,COVID-19_cases_rateRollingMean,m,all,default,2023,2023-11-11,5.8100,False
infectious_disease,respiratory,COVID-19,Nation,England,COVID-19_cases_rateRollingMean,f,all,default,2023,2023-11-10,8.3700,False
infectious_disease,respiratory,COVID-19,Nation,England,COVID-19_cases_rateRollingMean,m,all,default,2023,2023-11-10,6.3300,False
infectious_disease,respiratory,COVID-19,Nation,England,COVID-19_cases_rateRollingMean,f,all,default,2023,2023-11-09,9.3600,False
infectious_disease,respiratory,COVID-19,Nation,England,COVID-19_cases_rateRollingMean,m,all,default,2023,2023-11-09,7.0100,False
infectious_disease,respiratory,COVID-19,Nation,England,COVID-19_cases_rateRollingMean,f,all,default,2023,2023-11-08,9.9500,False
infectious_disease,respiratory,COVID-19,Nation,England,COVID-19_cases_rateRollingMean,m,all,default,2023,2023-11-08,7.5400,False
infectious_disease,respiratory,COVID-19,Nation,England,COVID-19_cases_rateRollingMean,f,all,default,2023,2023-11-07,10.3000,False
infectious_disease,respiratory,COVID-19,Nation,England,COVID-19_cases_rateRollingMean,m,all,default,2023,2023-11-07,7.8100,False
infectious_disease,respiratory,COVID-19,Nation,England,COVID-19_cases_rateRollingMean,f,all,default,2023,2023-11-06,10.4500,False
infectious_disease,respiratory,COVID-19,Nation,England,COVID-19_cases_rateRollingMean,m,all,default,2023,2023-11-06,8.2400,False
infectious_disease,respiratory,COVID-19,Nation,England,COVID-19_cases_rateRollingMean,f,all,default,2023,2023-11-05,10.8200,False
infectious_disease,respiratory,COVID-19,Nation,England,COVID-19_cases_rateRollingMean,m,all,default,2023,2023-11-05,8.6500,False
infectious_disease,respiratory,COVID-19,Nation,England,COVID-19_cases_rateRollingMean,f,all,default,2023,2023-11-04,11.1400,False
infectious_disease,respiratory,COVID-19,Nation,England,COVID-19_cases_rateRollingMean,m,all,default,2023,2023-11-04,8.9000,False
infectious_disease,respiratory,COVID-19,Nation,England,COVID-19_cases_rateRollingMean,f,all,default,2023,2023-11-03,11.5200,False
infectious_disease,respiratory,COVID-19,Nation,England,COVID-19_cases_rateRollingMean,m,all,default,2023,2023-11-03,9.0100,False
infectious_disease,respiratory,COVID-19,Nation,England,COVID-19_cases_rateRollingMean,f,all,default,2023,2023-11-02,11.9200,False
infectious_disease,respiratory,COVID-19,Nation,England,COVID-19_cases_rateRollingMean,m,all,default,2023,2023-11-02,9.2700,False
infectious_disease,respiratory,COVID-19,Nation,England,COVID-19_cases_rateRollingMean,f,all,default,2023,2023-11-01,12.4900,False
infectious_disease,respiratory,COVID-19,Nation,England,COVID-19_cases_rateRollingMean,m,all,default,2023,2023-11-01,9.4000,False
